CustomerID,InvoiceNo,InvoiceDate,Quantity,UnitPrice,TotalPrice,Country
C1000,INV11501,2024-04-19,3,232.33,696.99,Germany
C1000,INV79860,2024-08-21,3,15.19,45.57,Germany
C1000,INV48642,2025-11-08,4,469.58,1878.32,France
C1000,INV95517,2024-01-01,4,95.79,383.16,France
C1000,INV62720,2024-07-31,5,218.81,1094.05,Germany
C1001,INV60112,2024-07-23,3,194.32,582.96,USA
C1001,INV53763,2025-11-18,1,27.99,27.99,Germany
C1001,INV74967,2025-02-28,5,228.0,1140.0,UK
C1002,INV60431,2025-10-20,2,195.78,391.56,UK
C1003,INV42211,2024-06-10,4,222.88,891.52,UK
C1004,INV86078,2025-09-27,4,95.21,380.84,UK
C1004,INV50158,2025-06-11,2,286.01,572.02,France
C1004,INV49054,2024-01-22,2,388.69,777.38,UK
C1005,INV72571,2024-05-16,1,480.78,480.78,USA
C1005,INV84253,2025-08-13,5,139.32,696.6,India
C1005,INV25868,2025-08-02,2,482.8,965.6,USA
C1005,INV92808,2025-02-28,5,74.76,373.8,France
C1005,INV12205,2025-07-14,1,12.74,12.74,Germany
C1006,INV43649,2024-01-10,3,354.89,1064.67,Germany
C1006,INV82269,2025-05-24,1,304.95,304.95,France
C1006,INV53248,2025-10-09,2,62.36,124.72,UK
C1007,INV46970,2024-08-05,5,366.16,1830.8,Germany
C1007,INV24889,2025-03-21,3,282.82,848.46,France
C1007,INV18307,2024-09-24,3,381.59,1144.77,USA
C1007,INV49291,2025-01-27,3,263.75,791.25,UK
C1008,INV84604,2024-03-16,1,160.61,160.61,India
C1008,INV41007,2024-12-21,5,128.4,642.0,Germany
C1009,INV86035,2024-07-21,4,465.2,1860.8,USA
C1009,INV30754,2025-07-18,1,57.22,57.22,Germany
C1009,INV18455,2024-11-15,4,97.35,389.4,France
C1009,INV30503,2025-09-15,3,165.55,496.65,USA
C1010,INV22993,2025-09-25,1,117.83,117.83,UK
C1010,INV86286,2024-10-25,4,179.52,718.08,France
C1011,INV37016,2024-12-04,1,64.33,64.33,France
C1011,INV76747,2024-08-23,3,164.99,494.97,Germany
C1011,INV92673,2024-12-28,1,204.9,204.9,India
C1012,INV93901,2024-06-21,2,357.57,715.14,USA
C1012,INV20865,2024-04-13,1,137.06,137.06,USA
C1013,INV95659,2024-08-29,1,123.58,123.58,USA
C1013,INV39906,2024-04-11,4,226.65,906.6,Germany
C1013,INV16959,2025-01-21,4,45.02,180.08,France
C1014,INV93881,2025-11-18,3,409.13,1227.39,India
C1014,INV41184,2025-07-12,1,163.79,163.79,UK
C1014,INV97682,2024-05-10,5,429.89,2149.45,Germany
C1014,INV52830,2024-08-15,4,13.21,52.84,India
C1015,INV58058,2025-04-27,2,419.67,839.34,France
C1015,INV94202,2025-04-17,1,61.17,61.17,USA
C1015,INV45556,2025-10-08,2,132.68,265.36,UK
C1015,INV73547,2025-04-06,2,491.17,982.34,India
C1016,INV79346,2024-07-13,3,364.35,1093.05,India
C1016,INV94246,2025-09-19,1,322.81,322.81,India
C1016,INV35007,2024-02-28,4,449.78,1799.12,India
C1016,INV49432,2025-02-27,3,189.28,567.84,India
C1016,INV53656,2025-10-19,1,7.51,7.51,UK
C1016,INV57871,2024-04-22,2,245.38,490.76,Germany
C1016,INV53707,2024-11-09,5,116.01,580.05,Germany
C1017,INV43705,2025-03-30,3,330.52,991.56,France
C1017,INV85103,2025-02-01,4,256.86,1027.44,USA
C1017,INV28442,2025-03-20,5,245.94,1229.7,UK
C1017,INV36767,2025-09-25,3,398.43,1195.29,Germany
C1018,INV32430,2025-05-19,3,288.14,864.42,France
C1018,INV99141,2025-06-21,1,497.3,497.3,India
C1018,INV80893,2024-11-24,5,442.33,2211.65,USA
C1018,INV33058,2025-06-06,5,464.52,2322.6,Germany
C1019,INV62287,2025-08-17,3,88.9,266.7,Germany
C1019,INV41357,2025-01-24,2,465.36,930.72,Germany
C1019,INV62201,2024-02-19,2,309.43,618.86,Germany
C1019,INV87361,2025-11-23,2,130.81,261.62,Germany
C1019,INV51642,2024-07-25,2,371.68,743.36,UK
C1019,INV58189,2025-05-02,3,355.91,1067.73,Germany
C1020,INV88908,2025-03-03,4,258.11,1032.44,India
C1020,INV46563,2024-12-16,5,101.17,505.85,Germany
C1020,INV63043,2024-02-19,4,443.88,1775.52,India
C1020,INV19165,2024-01-20,2,51.52,103.04,India
C1021,INV68965,2024-11-21,5,420.27,2101.35,France
C1021,INV33152,2025-08-24,1,23.49,23.49,India
C1022,INV13848,2024-12-31,5,139.41,697.05,France
C1022,INV72775,2025-11-05,4,421.8,1687.2,USA
C1022,INV52024,2024-05-15,3,320.53,961.59,France
C1023,INV45495,2024-11-02,2,17.55,35.1,France
C1023,INV61170,2025-11-03,1,345.81,345.81,France
C1023,INV77116,2024-02-10,2,82.44,164.88,India
C1023,INV99203,2024-06-23,1,331.8,331.8,Germany
C1023,INV19285,2024-07-14,5,370.26,1851.3,UK
C1023,INV27289,2025-01-22,5,212.7,1063.5,USA
C1024,INV56682,2024-03-22,5,51.61,258.05,USA
C1024,INV53835,2024-08-05,4,91.79,367.16,Germany
C1024,INV51581,2024-01-12,2,248.35,496.7,UK
C1024,INV34399,2024-11-26,1,235.01,235.01,UK
C1025,INV70394,2025-10-25,4,27.43,109.72,UK
C1025,INV24787,2024-09-18,2,467.05,934.1,India
C1026,INV29813,2025-04-18,3,323.43,970.29,USA
C1026,INV59260,2024-11-16,3,411.22,1233.66,Germany
C1026,INV75417,2025-03-13,1,480.79,480.79,Germany
C1026,INV33630,2025-09-24,4,140.61,562.44,USA
C1026,INV31676,2024-05-29,2,24.29,48.58,Germany
C1026,INV24289,2025-03-08,1,329.58,329.58,UK
C1026,INV45019,2024-09-26,2,16.52,33.04,India
C1026,INV34131,2025-07-23,1,250.54,250.54,France
C1026,INV47958,2025-04-29,2,316.33,632.66,Germany
C1027,INV49027,2025-06-08,3,495.3,1485.9,France
C1027,INV31005,2024-10-15,2,128.76,257.52,Germany
C1027,INV71131,2025-02-09,5,123.11,615.55,Germany
C1027,INV54986,2025-04-20,1,122.93,122.93,India
C1027,INV72763,2024-09-21,1,255.1,255.1,France
C1028,INV49249,2025-09-24,4,180.68,722.72,Germany
C1028,INV43380,2025-10-30,4,288.85,1155.4,India
C1028,INV65382,2025-03-17,5,50.39,251.95,UK
C1028,INV35119,2025-02-25,4,337.9,1351.6,India
C1028,INV19992,2025-06-09,1,61.16,61.16,India
C1029,INV22810,2025-01-16,3,62.95,188.85,USA
C1029,INV42833,2024-04-09,2,419.3,838.6,India
C1029,INV33927,2025-08-28,5,115.18,575.9,India
C1029,INV44724,2024-10-04,3,354.59,1063.77,France
C1029,INV24334,2024-02-26,5,120.45,602.25,France
C1030,INV27501,2025-05-10,3,389.69,1169.07,India
C1030,INV19965,2025-01-25,3,128.12,384.36,UK
C1030,INV42767,2024-08-18,3,130.57,391.71,France
C1030,INV34599,2024-10-10,2,371.78,743.56,USA
C1030,INV91321,2025-06-20,1,373.38,373.38,India
C1030,INV58887,2025-04-21,4,481.28,1925.12,India
C1030,INV18200,2024-09-19,1,46.03,46.03,USA
C1031,INV27544,2024-01-31,5,496.52,2482.6,USA
C1031,INV86790,2024-02-21,3,349.23,1047.69,Germany
C1031,INV75218,2024-02-22,1,112.32,112.32,Germany
C1031,INV74268,2024-07-24,1,315.64,315.64,France
C1031,INV16098,2025-02-12,1,458.05,458.05,France
C1031,INV50836,2025-11-01,4,57.84,231.36,France
C1032,INV72211,2024-09-28,4,293.91,1175.64,France
C1032,INV28524,2024-02-24,1,133.68,133.68,France
C1032,INV42696,2024-11-12,1,143.48,143.48,USA
C1033,INV31346,2024-02-23,2,211.24,422.48,USA
C1033,INV21222,2025-02-10,1,212.03,212.03,UK
C1033,INV84993,2025-10-13,2,278.04,556.08,Germany
C1033,INV66354,2024-04-25,1,389.91,389.91,Germany
C1034,INV58959,2025-02-01,1,237.0,237.0,UK
C1034,INV24099,2024-10-16,1,11.77,11.77,UK
C1034,INV83133,2024-02-22,4,407.39,1629.56,France
C1034,INV25106,2025-11-29,3,279.94,839.82,Germany
C1034,INV49295,2025-06-21,5,379.76,1898.8,USA
C1034,INV30558,2024-09-21,5,228.02,1140.1,India
C1035,INV49839,2025-04-14,2,182.29,364.58,USA
C1035,INV93518,2024-03-20,2,251.59,503.18,UK
C1035,INV46597,2024-11-28,3,262.48,787.44,India
C1035,INV38022,2025-08-18,4,282.66,1130.64,UK
C1036,INV10793,2024-01-21,5,312.05,1560.25,USA
C1036,INV65939,2025-05-07,3,452.06,1356.18,USA
C1036,INV81170,2025-03-07,2,178.54,357.08,France
C1037,INV28760,2024-12-25,4,152.49,609.96,USA
C1037,INV90979,2024-12-31,1,475.01,475.01,USA
C1037,INV75309,2024-04-12,1,248.6,248.6,USA
C1037,INV75760,2024-06-29,5,490.12,2450.6,France
C1037,INV50456,2024-12-10,5,108.52,542.6,France
C1038,INV67702,2025-02-12,3,73.72,221.16,France
C1038,INV31127,2025-03-23,4,176.11,704.44,USA
C1038,INV27464,2025-09-18,3,260.04,780.12,Germany
C1038,INV34377,2025-11-11,5,100.18,500.9,UK
C1039,INV16600,2024-04-28,4,177.07,708.28,Germany
C1040,INV26697,2025-01-18,5,233.09,1165.45,Germany
C1041,INV97064,2025-04-27,1,50.68,50.68,India
C1041,INV73258,2024-12-02,3,460.83,1382.49,France
C1041,INV46633,2024-02-12,2,434.81,869.62,France
C1042,INV93323,2025-01-10,2,381.18,762.36,India
C1042,INV19193,2025-01-06,2,375.0,750.0,UK
C1042,INV93907,2024-01-26,3,358.11,1074.33,India
C1043,INV73385,2024-11-08,3,201.6,604.8,France
C1043,INV23314,2024-03-14,5,95.23,476.15,Germany
C1043,INV40878,2025-01-29,1,109.67,109.67,Germany
C1043,INV44845,2024-08-16,4,120.44,481.76,India
C1044,INV86961,2024-12-01,4,270.87,1083.48,Germany
C1044,INV30421,2025-02-14,1,284.41,284.41,India
C1044,INV76888,2024-09-21,5,184.73,923.65,USA
C1044,INV41403,2025-03-27,2,125.95,251.9,UK
C1045,INV56658,2024-06-06,4,426.15,1704.6,USA
C1045,INV25022,2024-03-02,1,44.72,44.72,France
C1045,INV38183,2025-01-01,5,491.28,2456.4,Germany
C1045,INV53900,2024-03-19,2,290.12,580.24,India
C1046,INV35516,2025-11-12,3,411.33,1233.99,India
C1046,INV51805,2025-05-17,3,287.95,863.85,Germany
C1047,INV30077,2024-08-14,3,103.76,311.28,USA
C1047,INV79091,2025-05-29,4,61.84,247.36,UK
C1047,INV19816,2025-03-02,5,255.52,1277.6,USA
C1048,INV96445,2025-01-18,2,495.03,990.06,USA
C1048,INV59239,2024-08-13,2,48.49,96.98,UK
C1048,INV80370,2024-04-07,1,381.31,381.31,India
C1048,INV90492,2025-02-20,3,177.69,533.07,Germany
C1048,INV69556,2025-10-11,4,482.69,1930.76,UK
C1049,INV57584,2024-02-16,4,421.71,1686.84,France
C1049,INV61371,2024-04-07,1,376.5,376.5,UK
C1049,INV79011,2025-07-12,3,86.31,258.93,India
C1049,INV90310,2025-07-23,3,318.71,956.13,USA
C1050,INV66379,2025-09-20,5,154.18,770.9,USA
C1050,INV12532,2025-06-06,1,119.95,119.95,USA
C1050,INV70570,2025-09-20,2,274.06,548.12,India
C1050,INV56235,2025-09-25,3,273.71,821.13,USA
C1050,INV27972,2024-10-28,3,315.72,947.16,India
C1050,INV87677,2024-08-22,4,398.04,1592.16,USA
C1051,INV88794,2024-08-05,5,390.39,1951.95,France
C1051,INV96621,2024-04-10,4,287.1,1148.4,France
C1051,INV40342,2025-06-16,3,378.54,1135.62,UK
C1051,INV30599,2024-03-12,5,59.76,298.8,Germany
C1051,INV85309,2025-08-14,4,201.66,806.64,UK
C1052,INV40597,2025-05-19,2,11.04,22.08,India
C1052,INV48160,2025-02-22,4,273.65,1094.6,India
C1052,INV83588,2024-06-25,5,414.27,2071.35,UK
C1053,INV91575,2024-07-20,3,80.91,242.73,France
C1053,INV11708,2025-02-13,2,307.67,615.34,UK
C1053,INV65622,2024-01-13,4,298.52,1194.08,UK
C1053,INV47826,2024-03-12,4,396.09,1584.36,India
C1054,INV91908,2025-03-31,1,290.26,290.26,India
C1055,INV57586,2025-11-19,4,66.71,266.84,USA
C1055,INV68096,2025-10-05,3,297.68,893.04,India
C1055,INV16867,2024-10-05,1,373.4,373.4,India
C1055,INV13710,2024-05-23,1,7.29,7.29,India
C1055,INV16852,2024-08-21,4,271.01,1084.04,Germany
C1055,INV61941,2025-10-04,2,235.52,471.04,Germany
C1055,INV12598,2024-12-02,3,228.85,686.55,India
C1056,INV44927,2024-05-03,4,212.37,849.48,India
C1056,INV92260,2025-10-01,1,391.35,391.35,France
C1056,INV77753,2024-07-13,2,11.48,22.96,France
C1057,INV46633,2024-10-16,4,269.86,1079.44,France
C1057,INV70745,2024-05-08,1,158.42,158.42,India
C1057,INV97602,2024-10-04,3,108.9,326.7,France
C1057,INV84605,2025-09-19,5,314.36,1571.8,France
C1058,INV20662,2025-01-03,4,243.14,972.56,India
C1058,INV36266,2024-12-13,3,81.84,245.52,USA
C1058,INV89465,2024-05-07,5,42.37,211.85,USA
C1058,INV39427,2025-06-10,2,139.02,278.04,India
C1058,INV11568,2025-03-26,4,401.37,1605.48,India
C1059,INV29969,2024-05-17,5,299.55,1497.75,UK
C1059,INV28317,2024-08-25,5,93.38,466.9,India
C1059,INV11110,2025-04-01,2,403.63,807.26,France
C1059,INV95924,2025-11-22,3,481.51,1444.53,India
C1059,INV30036,2025-10-22,5,206.16,1030.8,France
C1059,INV67438,2024-08-14,2,11.44,22.88,Germany
C1060,INV99200,2024-01-19,5,438.84,2194.2,France
C1060,INV40162,2025-03-25,2,446.87,893.74,India
C1061,INV83639,2025-02-16,4,416.17,1664.68,UK
C1061,INV96219,2024-08-29,1,220.88,220.88,France
C1061,INV67222,2024-07-24,4,487.4,1949.6,USA
C1061,INV73387,2025-06-29,1,434.89,434.89,Germany
C1062,INV65425,2024-07-06,2,318.57,637.14,Germany
C1062,INV69264,2024-06-29,3,213.74,641.22,Germany
C1062,INV29155,2024-04-02,5,89.98,449.9,USA
C1062,INV86276,2024-07-09,3,412.18,1236.54,France
C1062,INV83932,2025-01-05,2,290.38,580.76,France
C1063,INV17295,2024-01-08,5,135.52,677.6,USA
C1063,INV74707,2024-07-05,3,300.72,902.16,Germany
C1063,INV58774,2025-02-23,1,249.67,249.67,India
C1063,INV55876,2025-02-04,1,212.29,212.29,UK
C1063,INV76550,2024-09-24,2,213.91,427.82,Germany
C1064,INV90172,2025-06-22,5,197.7,988.5,USA
C1064,INV53140,2024-07-20,4,360.93,1443.72,Germany
C1064,INV28779,2024-07-26,3,474.91,1424.73,Germany
C1064,INV10285,2024-10-04,5,244.46,1222.3,Germany
C1065,INV64265,2025-08-11,1,250.7,250.7,USA
C1065,INV49979,2025-02-21,2,313.55,627.1,USA
C1065,INV55420,2024-11-27,1,42.19,42.19,India
C1066,INV18462,2025-07-26,5,6.16,30.8,USA
C1066,INV33483,2025-11-07,2,56.03,112.06,USA
C1066,INV56841,2024-08-07,3,459.07,1377.21,India
C1066,INV13473,2024-04-05,2,346.83,693.66,Germany
C1066,INV35375,2024-12-30,4,273.24,1092.96,Germany
C1067,INV61627,2024-06-03,2,30.54,61.08,Germany
C1067,INV57140,2025-04-13,2,296.19,592.38,UK
C1067,INV12975,2025-11-29,2,286.13,572.26,UK
C1067,INV67653,2025-10-01,5,366.86,1834.3,UK
C1067,INV60036,2024-05-14,2,213.77,427.54,Germany
C1067,INV29088,2025-07-09,4,423.05,1692.2,USA
C1067,INV94149,2024-08-11,2,324.05,648.1,India
C1067,INV70743,2025-03-30,3,282.54,847.62,UK
C1068,INV99028,2025-02-04,1,271.51,271.51,Germany
C1068,INV29720,2025-04-07,5,314.82,1574.1,India
C1068,INV35991,2025-09-11,2,438.95,877.9,UK
C1068,INV89062,2024-10-18,3,435.7,1307.1,India
C1068,INV51700,2024-01-15,5,266.82,1334.1,Germany
C1069,INV69660,2025-03-14,4,492.12,1968.48,USA
C1069,INV61235,2025-06-21,1,171.5,171.5,France
C1069,INV36254,2024-12-31,1,123.19,123.19,Germany
C1069,INV26397,2024-03-18,2,151.67,303.34,USA
C1069,INV86982,2024-06-12,1,142.25,142.25,France
C1069,INV87039,2025-09-28,1,59.19,59.19,France
C1069,INV32846,2024-09-30,4,113.04,452.16,USA
C1070,INV14206,2025-09-06,3,452.34,1357.02,Germany
C1070,INV74355,2025-11-22,4,37.17,148.68,UK
C1070,INV53128,2024-10-07,5,326.58,1632.9,Germany
C1070,INV90355,2025-02-28,5,64.57,322.85,India
C1071,INV69813,2024-09-25,1,97.29,97.29,Germany
C1072,INV69080,2025-11-08,1,261.54,261.54,India
C1072,INV23755,2025-02-21,1,91.08,91.08,France
C1072,INV43327,2024-10-03,2,248.14,496.28,India
C1073,INV40199,2025-09-17,5,50.29,251.45,India
C1073,INV44469,2025-09-05,3,140.11,420.33,France
C1073,INV73060,2024-11-29,3,478.05,1434.15,India
C1073,INV45270,2025-08-25,1,167.88,167.88,France
C1073,INV62992,2025-10-13,3,48.06,144.18,India
C1073,INV55986,2024-10-12,3,363.09,1089.27,UK
C1074,INV58086,2024-06-02,5,447.77,2238.85,France
C1074,INV59220,2025-11-24,2,250.1,500.2,USA
C1075,INV59922,2024-07-05,3,434.74,1304.22,UK
C1075,INV99671,2024-06-20,3,434.31,1302.93,India
C1075,INV79753,2025-05-10,3,123.15,369.45,Germany
C1075,INV39638,2025-10-12,4,311.21,1244.84,UK
C1075,INV34829,2025-06-10,5,441.03,2205.15,USA
C1075,INV79324,2025-09-01,3,440.14,1320.42,USA
C1076,INV72759,2025-07-27,5,373.04,1865.2,UK
C1077,INV29238,2024-07-19,3,490.69,1472.07,UK
C1077,INV76199,2025-03-17,2,318.83,637.66,USA
C1077,INV91864,2025-01-12,3,68.58,205.74,France
C1077,INV83117,2024-07-17,2,218.96,437.92,USA
C1077,INV22099,2025-08-10,4,318.15,1272.6,USA
C1078,INV52780,2024-07-29,1,386.64,386.64,France
C1078,INV47648,2025-05-10,1,33.67,33.67,USA
C1078,INV73157,2024-02-22,2,436.41,872.82,Germany
C1078,INV11007,2025-11-11,5,225.75,1128.75,USA
C1078,INV61544,2025-03-28,4,380.34,1521.36,France
C1079,INV74308,2024-01-16,3,129.99,389.97,India
C1080,INV92590,2024-04-21,2,498.58,997.16,India
C1081,INV55265,2025-07-09,5,152.7,763.5,UK
C1081,INV86027,2025-08-10,4,328.98,1315.92,UK
C1081,INV82369,2024-07-10,1,481.8,481.8,India
C1082,INV46319,2025-05-26,5,321.07,1605.35,India
C1083,INV85357,2025-09-16,2,110.49,220.98,France
C1083,INV88505,2024-01-22,1,358.89,358.89,Germany
C1083,INV81867,2025-01-28,4,239.24,956.96,France
C1083,INV22862,2025-11-07,1,434.97,434.97,Germany
C1084,INV77679,2024-01-23,4,483.92,1935.68,UK
C1084,INV95287,2024-05-09,1,5.61,5.61,France
C1084,INV96590,2025-02-22,4,127.53,510.12,India
C1084,INV49237,2025-01-25,1,84.61,84.61,India
C1084,INV30777,2025-03-31,5,138.15,690.75,USA
C1084,INV27257,2025-07-11,3,492.25,1476.75,France
C1085,INV52284,2024-10-03,3,349.02,1047.06,France
C1085,INV23917,2025-08-24,1,24.61,24.61,USA
C1085,INV32725,2024-12-01,1,124.81,124.81,France
C1086,INV61942,2025-05-06,2,389.02,778.04,India
C1086,INV80809,2025-10-19,1,261.27,261.27,USA
C1086,INV41971,2024-03-02,5,45.84,229.2,India
C1086,INV59922,2025-07-30,2,201.48,402.96,USA
C1087,INV25820,2024-05-19,4,56.76,227.04,India
C1087,INV59312,2025-03-20,3,448.63,1345.89,Germany
C1087,INV80291,2025-02-19,1,30.73,30.73,Germany
C1087,INV59651,2025-01-13,2,467.92,935.84,USA
C1088,INV73284,2025-07-01,3,25.17,75.51,UK
C1088,INV46374,2024-04-24,3,363.79,1091.37,Germany
C1088,INV30837,2025-02-18,4,83.97,335.88,Germany
C1088,INV56139,2025-09-01,2,167.86,335.72,USA
C1088,INV28373,2024-11-24,5,95.15,475.75,India
C1088,INV80085,2025-07-05,3,85.03,255.09,India
C1088,INV22196,2024-01-15,3,118.09,354.27,USA
C1088,INV37502,2025-11-27,1,249.17,249.17,UK
C1089,INV96482,2024-06-03,1,421.02,421.02,India
C1089,INV31436,2024-05-01,5,364.95,1824.75,UK
C1090,INV37684,2025-11-21,2,434.18,868.36,India
C1090,INV93811,2025-02-08,4,19.55,78.2,France
C1090,INV43955,2024-10-03,4,437.34,1749.36,India
C1090,INV67577,2025-09-21,2,496.11,992.22,UK
C1091,INV73669,2024-11-21,5,367.89,1839.45,India
C1091,INV86008,2024-04-01,4,454.97,1819.88,France
C1091,INV44106,2024-05-05,4,189.56,758.24,USA
C1092,INV91402,2024-11-01,4,205.49,821.96,India
C1092,INV56899,2025-02-18,1,333.0,333.0,France
C1092,INV97903,2024-03-07,1,198.59,198.59,Germany
C1093,INV35398,2024-04-01,5,122.33,611.65,USA
C1093,INV37048,2024-06-13,2,41.38,82.76,Germany
C1093,INV70421,2024-04-28,2,227.14,454.28,France
C1093,INV10776,2025-04-12,1,218.29,218.29,India
C1093,INV91115,2024-06-22,3,474.55,1423.65,France
C1094,INV62103,2025-02-27,5,269.09,1345.45,Germany
C1094,INV31380,2025-06-30,4,225.95,903.8,USA
C1094,INV86020,2025-08-27,4,272.25,1089.0,India
C1095,INV57523,2025-11-20,1,267.93,267.93,Germany
C1096,INV76096,2024-03-26,5,467.27,2336.35,France
C1096,INV33499,2024-08-08,1,294.41,294.41,France
C1097,INV23857,2024-08-13,5,434.62,2173.1,France
C1097,INV91617,2024-11-13,3,246.98,740.94,Germany
C1097,INV27604,2025-04-11,4,67.24,268.96,USA
C1097,INV39946,2024-04-02,4,353.82,1415.28,France
C1097,INV52879,2024-05-21,2,98.23,196.46,USA
C1098,INV47650,2025-11-04,2,332.51,665.02,USA
C1098,INV28458,2025-11-15,3,343.21,1029.63,France
C1098,INV76192,2024-12-13,1,416.28,416.28,UK
C1099,INV16602,2025-10-19,5,335.15,1675.75,Germany
C1099,INV88074,2025-02-07,4,83.85,335.4,USA
C1099,INV47906,2025-02-26,1,433.89,433.89,Germany
C1099,INV31992,2025-11-25,5,392.28,1961.4,USA
C1099,INV33070,2025-01-31,1,59.01,59.01,France
C1099,INV28000,2025-03-30,4,335.46,1341.84,Germany
C1100,INV32609,2025-01-15,1,167.55,167.55,Germany
C1100,INV16011,2025-03-16,2,201.11,402.22,France
C1100,INV60631,2025-05-01,4,276.51,1106.04,Germany
C1100,INV53325,2025-02-20,1,224.99,224.99,USA
C1100,INV22307,2024-01-11,3,303.71,911.13,UK
C1100,INV26944,2025-04-12,2,380.88,761.76,France
C1101,INV12414,2024-04-14,5,126.8,634.0,USA
C1101,INV89019,2024-11-29,3,383.62,1150.86,Germany
C1101,INV45625,2025-07-22,2,359.17,718.34,USA
C1101,INV33686,2024-12-30,5,101.91,509.55,France
C1101,INV11018,2024-01-06,5,449.53,2247.65,Germany
C1101,INV75549,2024-06-19,3,193.14,579.42,France
C1101,INV88362,2024-05-17,5,179.05,895.25,India
C1102,INV18104,2024-06-28,4,336.7,1346.8,UK
C1102,INV20309,2025-10-11,4,271.88,1087.52,India
C1103,INV63442,2024-10-16,1,263.63,263.63,USA
C1103,INV17814,2024-03-27,4,94.81,379.24,France
C1103,INV78127,2025-01-02,1,285.82,285.82,USA
C1103,INV99242,2024-06-28,4,215.14,860.56,UK
C1104,INV96148,2025-01-03,3,6.28,18.84,UK
C1104,INV91992,2025-03-21,5,442.68,2213.4,France
C1104,INV44056,2024-06-08,1,325.07,325.07,USA
C1105,INV38884,2025-01-24,3,391.36,1174.08,Germany
C1105,INV85646,2024-07-11,3,426.33,1278.99,UK
C1105,INV26518,2025-04-14,1,52.29,52.29,India
C1105,INV93866,2025-03-12,1,214.85,214.85,France
C1106,INV62628,2025-08-30,1,112.29,112.29,France
C1106,INV54427,2024-03-07,5,322.78,1613.9,Germany
C1107,INV72385,2025-02-19,1,493.95,493.95,Germany
C1107,INV39694,2024-04-05,5,339.54,1697.7,India
C1107,INV95982,2024-11-05,5,360.21,1801.05,UK
C1107,INV26698,2025-04-29,4,410.26,1641.04,India
C1108,INV73798,2025-03-27,4,99.97,399.88,USA
C1108,INV24913,2024-08-14,3,175.06,525.18,USA
C1108,INV73756,2025-03-07,5,261.93,1309.65,India
C1108,INV34248,2024-02-17,5,39.62,198.1,France
C1108,INV33752,2025-03-23,2,341.67,683.34,France
C1109,INV77928,2024-02-06,4,332.61,1330.44,USA
C1109,INV22082,2025-01-24,2,225.94,451.88,USA
C1109,INV30357,2024-08-21,4,48.94,195.76,UK
C1110,INV75757,2024-10-22,4,177.05,708.2,France
C1110,INV30997,2025-04-09,4,240.07,960.28,Germany
C1110,INV80754,2024-09-24,4,487.21,1948.84,Germany
C1110,INV62178,2024-01-14,4,463.87,1855.48,France
C1110,INV15950,2025-01-12,1,337.42,337.42,Germany
C1111,INV64745,2025-07-04,1,306.2,306.2,Germany
C1111,INV81170,2024-12-20,4,355.83,1423.32,India
C1112,INV96829,2024-07-30,2,174.13,348.26,India
C1113,INV82052,2024-12-22,3,201.51,604.53,India
C1113,INV81608,2024-11-08,4,437.3,1749.2,France
C1113,INV53980,2024-04-23,3,289.42,868.26,France
C1114,INV54113,2025-01-12,5,193.41,967.05,India
C1114,INV25174,2025-09-05,3,396.07,1188.21,USA
C1114,INV40268,2024-07-31,1,164.65,164.65,UK
C1114,INV14777,2024-01-17,3,349.0,1047.0,France
C1115,INV59225,2025-08-25,4,305.15,1220.6,India
C1115,INV86059,2024-04-07,5,162.18,810.9,Germany
C1115,INV43475,2025-10-28,1,334.82,334.82,India
C1115,INV42203,2024-03-26,5,17.78,88.9,India
C1115,INV75986,2024-04-04,4,44.58,178.32,France
C1116,INV65463,2024-07-13,5,13.76,68.8,USA
C1116,INV78840,2025-02-25,3,196.3,588.9,Germany
C1116,INV75888,2025-01-29,2,232.6,465.2,USA
C1116,INV83989,2024-02-10,3,378.36,1135.08,USA
C1116,INV15890,2025-03-09,1,218.02,218.02,USA
C1117,INV51374,2025-07-01,3,92.99,278.97,Germany
C1117,INV80481,2025-04-28,1,257.16,257.16,Germany
C1118,INV13837,2024-04-01,4,205.38,821.52,UK
C1118,INV74183,2025-04-02,3,187.04,561.12,France
C1118,INV19825,2024-10-16,5,196.6,983.0,UK
C1118,INV90409,2025-11-04,2,71.23,142.46,UK
C1118,INV71939,2024-10-19,5,381.34,1906.7,India
C1118,INV58418,2024-04-05,5,111.52,557.6,UK
C1118,INV86924,2024-01-09,2,316.5,633.0,France
C1119,INV97790,2024-01-30,1,59.32,59.32,Germany
C1119,INV37571,2025-01-18,5,422.96,2114.8,UK
C1120,INV79873,2024-04-14,4,125.52,502.08,UK
C1120,INV25620,2025-03-31,3,191.06,573.18,UK
C1121,INV94637,2025-04-26,4,42.83,171.32,France
C1121,INV37576,2024-07-14,2,24.02,48.04,UK
C1121,INV64928,2025-09-22,5,413.44,2067.2,Germany
C1121,INV53991,2024-12-12,3,227.81,683.43,UK
C1121,INV64284,2024-06-07,1,37.99,37.99,France
C1121,INV47576,2024-12-28,3,57.32,171.96,UK
C1121,INV27999,2025-11-21,5,28.68,143.4,UK
C1122,INV48648,2025-06-05,1,40.68,40.68,Germany
C1123,INV36386,2025-10-30,5,196.86,984.3,UK
C1123,INV89325,2024-11-18,4,178.1,712.4,France
C1124,INV54011,2024-03-09,2,15.37,30.74,Germany
C1124,INV78131,2024-02-27,4,449.96,1799.84,Germany
C1124,INV78320,2025-06-30,1,488.12,488.12,France
C1124,INV13018,2025-04-11,3,65.09,195.27,Germany
C1125,INV80868,2025-11-07,5,66.99,334.95,India
C1125,INV14157,2024-11-27,2,302.93,605.86,UK
C1125,INV14017,2025-02-11,4,82.54,330.16,UK
C1125,INV40292,2024-01-31,1,464.4,464.4,India
C1125,INV19874,2024-06-06,1,191.12,191.12,UK
C1126,INV51248,2024-07-10,4,65.14,260.56,Germany
C1126,INV11805,2024-05-18,1,324.68,324.68,Germany
C1126,INV14215,2024-07-18,1,132.92,132.92,India
C1127,INV91849,2024-05-06,3,163.43,490.29,USA
C1127,INV57731,2025-06-10,1,469.01,469.01,UK
C1127,INV95045,2024-01-31,2,58.43,116.86,USA
C1127,INV73295,2025-04-24,4,409.8,1639.2,UK
C1127,INV73857,2024-05-29,3,79.58,238.74,USA
C1127,INV65352,2024-08-27,3,380.3,1140.9,USA
C1128,INV94496,2024-04-15,4,319.96,1279.84,Germany
C1128,INV40964,2025-06-16,2,281.23,562.46,USA
C1128,INV25927,2025-07-21,4,364.6,1458.4,India
C1129,INV76983,2025-07-13,3,158.91,476.73,USA
C1129,INV68223,2025-06-02,3,98.07,294.21,UK
C1129,INV73020,2024-09-05,5,271.65,1358.25,UK
C1130,INV99378,2025-06-07,5,187.13,935.65,India
C1130,INV79360,2024-08-16,3,421.78,1265.34,India
C1130,INV20117,2024-11-24,3,498.19,1494.57,Germany
C1130,INV29977,2024-09-14,5,323.47,1617.35,Germany
C1130,INV67133,2025-06-29,3,73.22,219.66,India
C1131,INV86608,2024-05-04,2,311.7,623.4,UK
C1131,INV86693,2024-09-05,1,196.9,196.9,UK
C1132,INV76464,2024-06-06,4,282.53,1130.12,Germany
C1132,INV69915,2025-02-25,2,301.69,603.38,UK
C1132,INV29200,2025-02-24,4,413.4,1653.6,UK
C1132,INV18606,2024-12-14,3,33.98,101.94,USA
C1132,INV49545,2024-08-21,2,355.3,710.6,France
C1133,INV63814,2024-08-17,1,48.86,48.86,UK
C1133,INV66099,2024-06-03,3,401.68,1205.04,Germany
C1133,INV70272,2025-06-19,1,466.89,466.89,France
C1133,INV22266,2025-03-25,1,320.59,320.59,India
C1134,INV92906,2025-06-01,2,295.95,591.9,USA
C1134,INV53792,2024-05-08,5,489.93,2449.65,France
C1134,INV73900,2024-04-25,3,16.97,50.91,France
C1134,INV54611,2025-08-04,5,350.35,1751.75,USA
C1134,INV87959,2025-10-11,3,470.64,1411.92,UK
C1135,INV86015,2025-07-15,2,468.99,937.98,France
C1135,INV75208,2025-05-08,2,44.9,89.8,France
C1135,INV18308,2025-05-23,2,455.15,910.3,USA
C1135,INV68431,2025-06-29,4,383.93,1535.72,India
C1135,INV22560,2024-04-21,4,70.02,280.08,France
C1136,INV50110,2024-07-16,2,144.68,289.36,Germany
C1136,INV25454,2024-07-01,3,141.43,424.29,Germany
C1136,INV89009,2025-07-04,2,139.62,279.24,France
C1136,INV33625,2025-06-14,2,423.17,846.34,India
C1137,INV80822,2025-08-19,3,36.01,108.03,Germany
C1137,INV76672,2025-09-25,1,176.23,176.23,France
C1138,INV51201,2024-06-14,3,481.88,1445.64,UK
C1138,INV91430,2025-01-26,5,30.87,154.35,USA
C1138,INV91109,2024-10-19,1,249.77,249.77,USA
C1139,INV71653,2024-08-24,3,486.14,1458.42,USA
C1139,INV77361,2025-03-01,1,95.59,95.59,UK
C1139,INV55565,2024-01-16,5,116.53,582.65,UK
C1139,INV32495,2024-06-24,1,264.08,264.08,Germany
C1140,INV96950,2025-05-09,1,308.39,308.39,France
C1140,INV12266,2024-06-07,2,244.92,489.84,Germany
C1140,INV29671,2024-04-25,2,333.77,667.54,USA
C1140,INV96371,2024-05-31,2,233.84,467.68,India
C1141,INV96447,2024-12-24,4,181.21,724.84,India
C1141,INV25225,2025-11-14,3,394.21,1182.63,India
C1141,INV79624,2024-05-20,5,86.53,432.65,India
C1141,INV91658,2024-08-18,4,262.1,1048.4,USA
C1142,INV58712,2024-11-11,2,376.61,753.22,India
C1142,INV51292,2025-01-25,2,37.28,74.56,Germany
C1142,INV17309,2024-11-20,4,271.66,1086.64,India
C1142,INV56202,2024-12-13,4,228.59,914.36,France
C1142,INV73604,2024-10-04,3,388.93,1166.79,UK
C1143,INV56050,2025-07-08,4,141.84,567.36,USA
C1143,INV43279,2024-08-06,1,201.01,201.01,USA
C1143,INV28526,2025-10-01,2,83.19,166.38,Germany
C1143,INV35292,2025-05-01,4,87.19,348.76,USA
C1144,INV44725,2024-12-20,4,105.0,420.0,India
C1144,INV61476,2024-05-08,5,367.65,1838.25,India
C1144,INV55012,2025-07-27,5,222.96,1114.8,India
C1144,INV51424,2025-03-06,3,441.8,1325.4,India
C1145,INV44815,2025-09-08,3,85.31,255.93,Germany
C1145,INV25333,2024-01-09,1,51.05,51.05,UK
C1145,INV36175,2024-01-21,4,445.68,1782.72,Germany
C1145,INV71866,2024-02-25,5,486.86,2434.3,UK
C1145,INV71037,2024-08-23,1,410.44,410.44,France
C1145,INV55321,2025-01-13,3,380.99,1142.97,USA
C1145,INV22381,2025-11-21,2,411.71,823.42,France
C1145,INV96445,2024-11-17,5,130.89,654.45,India
C1146,INV19929,2024-03-01,1,123.74,123.74,USA
C1146,INV59557,2024-04-09,1,371.14,371.14,USA
C1146,INV89219,2024-05-13,3,327.32,981.96,India
C1146,INV43047,2025-03-10,1,421.52,421.52,UK
C1146,INV52850,2024-11-25,3,318.9,956.7,France
C1147,INV78357,2025-04-24,4,342.43,1369.72,UK
C1147,INV11105,2024-04-26,4,117.45,469.8,France
C1147,INV11495,2025-08-08,3,348.6,1045.8,Germany
C1148,INV93264,2024-01-24,5,207.11,1035.55,Germany
C1148,INV86822,2025-06-14,4,436.25,1745.0,UK
C1148,INV28788,2025-06-19,3,34.25,102.75,France
C1149,INV72129,2024-04-28,2,226.29,452.58,USA
C1149,INV51269,2024-11-17,4,193.9,775.6,Germany
C1149,INV29486,2024-03-31,3,488.52,1465.56,USA
C1149,INV23915,2024-03-18,4,13.91,55.64,France
C1150,INV15072,2025-11-06,1,149.65,149.65,Germany
C1150,INV29013,2025-09-28,2,351.16,702.32,UK
C1151,INV99413,2024-06-01,5,272.65,1363.25,France
C1151,INV47152,2024-03-08,1,11.14,11.14,USA
C1151,INV40386,2024-11-23,1,413.14,413.14,France
C1151,INV57829,2024-02-21,1,153.46,153.46,France
C1151,INV83432,2025-06-03,4,36.92,147.68,France
C1151,INV56205,2025-09-05,2,335.56,671.12,Germany
C1151,INV78436,2025-02-18,1,494.57,494.57,Germany
C1151,INV62097,2025-03-13,5,419.89,2099.45,Germany
C1152,INV48533,2025-07-05,5,263.12,1315.6,UK
C1152,INV91684,2024-02-14,4,114.01,456.04,USA
C1152,INV64362,2024-12-07,5,51.46,257.3,Germany
C1153,INV91596,2024-10-30,1,173.7,173.7,France
C1153,INV96863,2024-04-25,5,317.5,1587.5,USA
C1153,INV82370,2025-02-17,5,321.6,1608.0,UK
C1153,INV52843,2025-04-17,4,56.59,226.36,Germany
C1153,INV22402,2024-09-25,5,485.53,2427.65,France
C1153,INV68182,2024-07-02,2,239.08,478.16,India
C1153,INV53270,2025-11-18,1,6.45,6.45,UK
C1153,INV93886,2024-01-28,2,454.15,908.3,India
C1154,INV17756,2025-03-11,3,226.5,679.5,UK
C1154,INV55580,2024-11-27,1,260.7,260.7,France
C1154,INV23047,2024-01-04,1,113.44,113.44,USA
C1154,INV54173,2024-01-26,4,146.03,584.12,Germany
C1155,INV70076,2024-10-04,1,201.52,201.52,USA
C1155,INV96692,2024-03-01,1,410.01,410.01,Germany
C1155,INV79587,2025-01-06,3,256.17,768.51,India
C1156,INV19136,2024-07-11,1,197.99,197.99,UK
C1156,INV28638,2025-05-25,5,358.45,1792.25,UK
C1156,INV65601,2025-02-28,1,412.78,412.78,Germany
C1156,INV76194,2025-10-29,2,362.09,724.18,USA
C1156,INV80533,2025-08-26,5,415.65,2078.25,USA
C1157,INV34763,2025-09-01,2,61.67,123.34,UK
C1158,INV89954,2024-10-19,4,450.66,1802.64,USA
C1158,INV57236,2024-10-09,3,180.61,541.83,India
C1158,INV15082,2025-10-20,5,340.94,1704.7,USA
C1158,INV58536,2024-09-09,3,301.35,904.05,France
C1159,INV18329,2024-04-17,3,363.37,1090.11,UK
C1159,INV72247,2024-03-25,2,267.35,534.7,USA
C1159,INV63043,2025-08-02,2,10.79,21.58,UK
C1160,INV96957,2024-01-31,5,404.97,2024.85,Germany
C1160,INV80306,2024-05-31,1,365.94,365.94,Germany
C1160,INV26928,2025-03-31,4,196.76,787.04,USA
C1160,INV23804,2025-08-18,4,338.12,1352.48,UK
C1161,INV74081,2025-07-12,3,227.81,683.43,USA
C1161,INV98453,2025-02-08,1,218.34,218.34,France
C1161,INV52787,2024-08-10,2,188.18,376.36,France
C1161,INV88103,2024-01-20,4,345.76,1383.04,India
C1162,INV10758,2024-04-09,1,176.21,176.21,France
C1162,INV21613,2024-04-17,5,261.03,1305.15,India
C1162,INV43862,2024-09-21,3,173.6,520.8,Germany
C1163,INV53370,2024-08-05,5,267.89,1339.45,France
C1163,INV96324,2025-08-11,4,282.05,1128.2,USA
C1164,INV58704,2025-11-10,3,268.3,804.9,UK
C1164,INV35877,2024-04-04,2,24.3,48.6,India
C1165,INV29735,2024-09-28,2,200.74,401.48,USA
C1166,INV48569,2024-12-07,2,450.54,901.08,USA
C1166,INV58898,2024-03-22,2,190.53,381.06,Germany
C1167,INV81123,2025-02-28,4,20.31,81.24,USA
C1167,INV95927,2025-11-09,4,490.15,1960.6,France
C1167,INV82706,2024-11-30,5,273.14,1365.7,USA
C1167,INV81217,2025-06-16,3,420.08,1260.24,UK
C1167,INV84070,2024-09-05,2,133.37,266.74,Germany
C1168,INV60650,2024-08-27,4,121.34,485.36,USA
C1168,INV12193,2025-08-03,4,176.9,707.6,India
C1169,INV23267,2025-03-13,3,107.62,322.86,India
C1169,INV42050,2025-06-30,3,440.76,1322.28,USA
C1169,INV28768,2025-03-11,1,397.3,397.3,Germany
C1170,INV38495,2025-05-11,3,70.52,211.56,UK
C1170,INV42037,2025-02-18,2,362.46,724.92,France
C1170,INV51792,2025-01-07,4,23.8,95.2,India
C1170,INV73941,2025-06-05,4,33.58,134.32,USA
C1171,INV44740,2025-11-08,3,234.02,702.06,France
C1171,INV91592,2025-11-16,4,378.54,1514.16,UK
C1171,INV59454,2024-12-09,2,248.25,496.5,India
C1172,INV40879,2025-05-22,5,490.47,2452.35,India
C1172,INV16627,2024-10-11,3,303.05,909.15,UK
C1172,INV58671,2025-02-17,5,240.86,1204.3,Germany
C1172,INV69969,2025-11-27,4,6.57,26.28,UK
C1172,INV47733,2025-03-23,1,447.08,447.08,USA
C1172,INV86474,2024-02-13,3,226.92,680.76,France
C1173,INV30787,2024-11-29,5,20.12,100.6,USA
C1173,INV25466,2025-09-01,2,71.55,143.1,Germany
C1173,INV46535,2024-07-28,4,403.2,1612.8,Germany
C1173,INV16901,2024-07-13,1,397.73,397.73,UK
C1174,INV30643,2024-01-02,3,370.25,1110.75,France
C1174,INV67484,2025-08-06,1,39.17,39.17,India
C1174,INV68743,2024-01-04,5,411.85,2059.25,USA
C1174,INV72372,2025-07-19,1,423.73,423.73,UK
C1175,INV22977,2024-02-24,4,206.52,826.08,France
C1175,INV50085,2024-02-16,3,276.82,830.46,UK
C1175,INV26997,2025-03-17,5,474.11,2370.55,UK
C1176,INV84190,2024-07-28,1,252.81,252.81,UK
C1176,INV16176,2025-07-09,4,76.87,307.48,India
C1176,INV65216,2025-05-11,4,432.38,1729.52,India
C1177,INV47231,2024-07-05,5,293.71,1468.55,India
C1177,INV22917,2025-08-11,1,322.04,322.04,USA
C1177,INV34826,2025-11-15,5,111.24,556.2,USA
C1178,INV11757,2025-08-28,2,295.0,590.0,India
C1178,INV96129,2025-03-12,4,320.36,1281.44,USA
C1178,INV42177,2025-01-02,2,358.41,716.82,Germany
C1178,INV10886,2025-07-28,4,75.72,302.88,France
C1179,INV21571,2024-04-03,2,362.25,724.5,UK
C1179,INV90078,2024-07-08,1,162.21,162.21,USA
C1179,INV59567,2024-01-01,2,392.59,785.18,France
C1179,INV27962,2025-05-14,1,36.03,36.03,India
C1180,INV16348,2024-06-21,1,45.94,45.94,USA
C1180,INV49509,2025-10-12,1,183.32,183.32,India
C1181,INV25450,2025-09-28,4,339.19,1356.76,France
C1181,INV61971,2024-03-22,2,284.49,568.98,France
C1181,INV67161,2025-10-12,1,353.41,353.41,India
C1181,INV98543,2024-01-04,5,357.96,1789.8,France
C1181,INV64135,2025-04-10,1,142.83,142.83,France
C1181,INV71159,2024-03-31,4,352.76,1411.04,UK
C1182,INV64808,2025-06-30,4,499.74,1998.96,UK
C1182,INV87999,2024-03-14,4,433.58,1734.32,Germany
C1183,INV18251,2025-06-22,1,30.92,30.92,France
C1183,INV11514,2025-06-20,2,278.27,556.54,UK
C1183,INV57759,2024-10-17,2,109.94,219.88,India
C1184,INV91253,2025-02-28,2,200.39,400.78,Germany
C1184,INV37376,2025-10-12,4,370.61,1482.44,India
C1184,INV53166,2024-08-08,4,30.84,123.36,France
C1184,INV21188,2025-04-21,1,445.66,445.66,France
C1184,INV51760,2024-07-19,3,335.1,1005.3,India
C1185,INV49793,2025-04-25,5,192.65,963.25,Germany
C1185,INV78978,2024-08-23,1,66.56,66.56,USA
C1185,INV70169,2024-10-16,1,369.42,369.42,Germany
C1185,INV33121,2024-08-18,4,299.59,1198.36,UK
C1186,INV86597,2024-11-20,4,25.62,102.48,UK
C1187,INV23747,2024-06-02,4,488.13,1952.52,India
C1187,INV70844,2024-03-28,5,42.81,214.05,USA
C1187,INV34077,2024-09-24,1,64.5,64.5,France
C1187,INV21286,2024-07-04,5,174.19,870.95,Germany
C1188,INV37679,2025-04-08,5,487.23,2436.15,India
C1188,INV36485,2025-08-15,1,275.75,275.75,France
C1188,INV77769,2025-08-03,1,149.12,149.12,UK
C1188,INV52711,2024-05-24,3,154.94,464.82,India
C1188,INV16903,2024-02-15,1,469.0,469.0,Germany
C1189,INV34341,2025-04-14,4,479.11,1916.44,India
C1189,INV92954,2025-10-20,5,267.71,1338.55,USA
C1189,INV71395,2025-03-31,3,481.57,1444.71,UK
C1190,INV42912,2024-06-06,4,311.77,1247.08,USA
C1190,INV41068,2025-09-18,1,391.75,391.75,India
C1191,INV89347,2024-09-28,4,323.2,1292.8,UK
C1191,INV99758,2025-07-20,4,171.98,687.92,USA
C1191,INV93542,2025-05-21,1,445.62,445.62,UK
C1191,INV84454,2025-05-09,2,346.6,693.2,France
C1192,INV58958,2024-10-17,3,381.74,1145.22,France
C1192,INV25189,2024-09-04,2,341.41,682.82,France
C1192,INV48543,2024-02-23,2,275.7,551.4,USA
C1192,INV54591,2024-05-06,3,87.05,261.15,France
C1193,INV32282,2025-08-12,3,397.61,1192.83,France
C1193,INV70339,2025-08-19,4,331.26,1325.04,Germany
C1193,INV89576,2024-03-17,4,475.96,1903.84,Germany
C1194,INV31611,2025-02-18,2,490.68,981.36,USA
C1194,INV71135,2024-05-12,3,367.4,1102.2,USA
C1194,INV82101,2024-09-05,1,480.27,480.27,USA
C1194,INV87515,2024-12-30,2,483.69,967.38,France
C1194,INV72349,2024-10-01,2,241.07,482.14,France
C1194,INV35600,2025-05-17,1,231.83,231.83,USA
C1195,INV54588,2025-07-16,5,114.93,574.65,France
C1195,INV98140,2024-08-12,2,259.77,519.54,India
C1195,INV62058,2025-07-18,5,126.67,633.35,India
C1195,INV17857,2024-10-08,4,332.9,1331.6,France
C1195,INV69378,2024-03-23,1,81.13,81.13,India
C1195,INV73390,2025-11-23,2,496.66,993.32,France
C1195,INV20631,2024-02-01,5,243.37,1216.85,UK
C1195,INV34823,2025-03-20,4,378.36,1513.44,India
C1195,INV46966,2025-10-03,1,224.96,224.96,India
C1196,INV87898,2024-10-17,1,124.0,124.0,UK
C1196,INV48988,2024-05-13,5,487.31,2436.55,USA
C1196,INV41372,2024-01-20,3,114.32,342.96,USA
C1196,INV37952,2024-01-28,2,478.38,956.76,Germany
C1196,INV59932,2024-04-13,5,116.32,581.6,Germany
C1197,INV84152,2025-08-09,5,179.76,898.8,France
C1197,INV41826,2025-09-16,2,446.82,893.64,France
C1197,INV54772,2024-10-20,4,412.46,1649.84,UK
C1197,INV37165,2025-09-13,2,106.32,212.64,France
C1197,INV81605,2025-02-17,1,151.37,151.37,USA
C1198,INV71860,2025-03-20,3,39.16,117.48,France
C1198,INV82264,2025-10-19,5,232.7,1163.5,Germany
C1199,INV13555,2025-05-22,5,386.71,1933.55,India
C1199,INV49378,2025-04-02,3,260.25,780.75,India
C1199,INV54661,2024-11-19,5,144.82,724.1,UK
C1200,INV27457,2024-03-30,1,5.01,5.01,USA
C1200,INV15083,2024-10-18,5,362.95,1814.75,UK
C1201,INV45457,2024-01-08,4,119.06,476.24,France
C1201,INV52516,2024-01-02,4,483.59,1934.36,UK
C1202,INV47141,2024-07-30,5,357.75,1788.75,UK
C1202,INV30105,2025-07-24,1,188.62,188.62,UK
C1202,INV74431,2025-09-22,4,492.5,1970.0,France
C1202,INV29952,2025-06-11,5,273.52,1367.6,USA
C1202,INV51672,2024-04-14,3,210.16,630.48,France
C1203,INV64584,2024-07-07,1,138.08,138.08,UK
C1203,INV74477,2025-03-15,1,184.05,184.05,Germany
C1204,INV88430,2025-06-29,1,90.18,90.18,UK
C1204,INV99857,2025-11-10,2,350.12,700.24,UK
C1204,INV36940,2025-05-14,3,402.74,1208.22,Germany
C1204,INV57463,2024-03-26,2,365.85,731.7,USA
C1205,INV69353,2024-08-29,4,489.37,1957.48,France
C1205,INV14664,2025-08-21,1,364.89,364.89,France
C1205,INV33728,2025-01-27,1,159.43,159.43,USA
C1205,INV34406,2024-12-03,4,394.17,1576.68,France
C1206,INV79861,2025-08-09,2,309.88,619.76,UK
C1206,INV20328,2025-08-12,4,281.7,1126.8,UK
C1206,INV82203,2024-12-16,1,269.47,269.47,USA
C1207,INV94597,2024-03-23,3,476.47,1429.41,India
C1207,INV47078,2024-06-07,3,433.32,1299.96,USA
C1207,INV64650,2024-04-19,4,314.39,1257.56,India
C1207,INV65628,2024-08-09,3,253.25,759.75,Germany
C1208,INV27296,2025-10-15,2,417.25,834.5,France
C1208,INV13221,2025-09-25,2,127.52,255.04,India
C1209,INV68249,2024-01-14,5,156.85,784.25,USA
C1209,INV88888,2024-09-03,1,467.82,467.82,USA
C1210,INV42616,2024-02-28,1,344.29,344.29,UK
C1210,INV31898,2024-08-20,2,106.67,213.34,France
C1210,INV30387,2024-09-23,1,322.66,322.66,UK
C1210,INV39190,2025-04-14,3,393.71,1181.13,USA
C1210,INV93181,2025-02-24,4,142.54,570.16,India
C1211,INV22994,2024-12-28,1,56.05,56.05,USA
C1211,INV89694,2025-01-17,4,204.78,819.12,France
C1211,INV23297,2025-05-30,2,293.18,586.36,Germany
C1211,INV56084,2024-05-22,1,201.82,201.82,India
C1212,INV62178,2024-07-06,4,277.06,1108.24,UK
C1212,INV86975,2025-04-27,2,303.8,607.6,India
C1212,INV33522,2024-02-23,5,463.13,2315.65,USA
C1213,INV29103,2025-05-01,3,313.71,941.13,India
C1213,INV24904,2025-03-29,5,12.48,62.4,USA
C1214,INV85954,2024-07-08,4,6.0,24.0,UK
C1214,INV28067,2024-05-01,3,57.42,172.26,India
C1214,INV66943,2024-04-18,3,369.58,1108.74,USA
C1214,INV76050,2025-09-09,3,387.29,1161.87,USA
C1214,INV55992,2025-03-13,1,29.99,29.99,India
C1214,INV38801,2025-03-14,5,293.55,1467.75,India
C1215,INV67062,2025-08-10,2,371.01,742.02,France
C1215,INV55598,2024-05-30,1,251.53,251.53,India
C1215,INV41420,2025-06-03,2,50.85,101.7,Germany
C1215,INV58611,2025-06-07,1,219.84,219.84,UK
C1216,INV89617,2025-02-16,1,275.7,275.7,USA
C1216,INV38345,2025-04-13,2,358.46,716.92,USA
C1216,INV42098,2024-03-04,1,410.09,410.09,India
C1216,INV78809,2024-02-04,4,11.8,47.2,India
C1217,INV33059,2024-06-22,3,232.18,696.54,France
C1217,INV77167,2025-05-27,2,300.56,601.12,UK
C1217,INV98781,2025-02-19,2,443.06,886.12,USA
C1218,INV41983,2024-10-04,1,130.41,130.41,UK
C1218,INV94169,2025-11-21,3,386.52,1159.56,India
C1218,INV62336,2024-10-25,5,294.3,1471.5,France
C1218,INV76641,2025-01-11,1,433.27,433.27,India
C1219,INV58785,2025-07-04,2,316.97,633.94,UK
C1219,INV21616,2024-06-22,4,417.65,1670.6,UK
C1219,INV53355,2024-12-15,2,326.41,652.82,USA
C1220,INV87839,2024-07-23,3,301.43,904.29,France
C1220,INV56117,2024-05-20,5,237.42,1187.1,USA
C1220,INV41294,2024-01-20,4,57.17,228.68,Germany
C1221,INV65336,2024-04-22,5,394.33,1971.65,USA
C1221,INV38990,2025-10-20,2,441.44,882.88,India
C1221,INV92003,2025-07-23,4,225.87,903.48,France
C1221,INV58810,2025-07-17,1,158.35,158.35,USA
C1221,INV84275,2024-06-23,2,270.1,540.2,UK
C1222,INV89635,2025-09-30,5,166.74,833.7,UK
C1222,INV57100,2024-09-04,2,139.39,278.78,Germany
C1222,INV62500,2024-06-11,1,55.77,55.77,USA
C1222,INV68276,2024-10-01,3,415.29,1245.87,Germany
C1222,INV17559,2024-08-31,1,430.11,430.11,Germany
C1223,INV27980,2025-04-15,5,362.35,1811.75,USA
C1223,INV47492,2024-09-25,5,86.82,434.1,Germany
C1223,INV82519,2024-01-02,2,268.29,536.58,UK
C1223,INV40304,2025-07-05,1,175.89,175.89,India
C1223,INV96788,2024-10-16,2,441.42,882.84,USA
C1223,INV77798,2024-03-25,4,293.16,1172.64,UK
C1223,INV95802,2024-03-23,2,305.84,611.68,UK
C1224,INV20474,2024-09-30,3,171.16,513.48,Germany
C1224,INV44511,2025-06-07,3,280.65,841.95,UK
C1225,INV69634,2024-04-30,2,167.14,334.28,USA
C1225,INV18305,2025-01-17,1,317.55,317.55,France
C1225,INV98681,2025-01-07,5,349.83,1749.15,USA
C1225,INV97497,2024-12-12,5,171.92,859.6,Germany
C1225,INV58408,2024-04-09,2,258.58,517.16,Germany
C1226,INV78908,2025-10-27,1,13.97,13.97,Germany
C1226,INV41914,2025-07-08,1,338.26,338.26,USA
C1226,INV88879,2024-10-12,5,316.07,1580.35,India
C1226,INV33445,2025-04-26,4,441.37,1765.48,France
C1227,INV62731,2024-03-30,1,268.13,268.13,India
C1227,INV80545,2024-12-22,3,428.21,1284.63,France
C1227,INV91841,2025-09-08,3,11.62,34.86,USA
C1227,INV28924,2024-10-13,1,402.75,402.75,India
C1227,INV82294,2025-09-22,2,38.15,76.3,France
C1227,INV44170,2025-09-05,4,94.95,379.8,UK
C1228,INV97187,2025-10-20,2,163.98,327.96,Germany
C1228,INV80867,2024-06-02,3,354.78,1064.34,Germany
C1228,INV22925,2024-09-18,4,362.76,1451.04,France
C1228,INV36750,2025-04-04,3,465.0,1395.0,France
C1228,INV38835,2024-09-22,2,332.53,665.06,UK
C1228,INV32402,2024-12-04,4,317.83,1271.32,France
C1228,INV13871,2024-03-07,1,292.6,292.6,France
C1228,INV26080,2024-10-24,2,392.07,784.14,Germany
C1229,INV38239,2025-04-14,4,372.42,1489.68,France
C1229,INV76277,2024-04-28,1,176.75,176.75,France
C1229,INV61054,2024-09-30,2,454.57,909.14,India
C1229,INV19539,2025-06-14,3,219.42,658.26,Germany
C1230,INV87392,2025-05-13,3,96.76,290.28,UK
C1230,INV90069,2025-02-23,2,215.3,430.6,India
C1230,INV67027,2025-09-26,4,374.15,1496.6,India
C1230,INV74804,2025-01-24,2,349.6,699.2,USA
C1230,INV72953,2024-09-24,2,228.13,456.26,USA
C1230,INV11820,2025-10-31,1,139.61,139.61,France
C1231,INV19833,2024-07-07,4,234.24,936.96,France
C1231,INV62942,2024-07-13,3,299.68,899.04,USA
C1231,INV66793,2024-07-03,5,408.4,2042.0,UK
C1231,INV12399,2025-06-27,4,387.96,1551.84,India
C1231,INV24563,2025-06-06,1,219.01,219.01,India
C1232,INV73490,2024-06-30,5,440.2,2201.0,India
C1233,INV95747,2025-04-11,1,449.47,449.47,USA
C1233,INV26518,2025-09-12,5,221.03,1105.15,UK
C1233,INV94306,2025-04-11,2,423.21,846.42,India
C1234,INV99781,2024-03-07,4,452.03,1808.12,India
C1234,INV16778,2025-10-14,3,404.3,1212.9,UK
C1234,INV17415,2025-08-22,5,235.58,1177.9,UK
C1235,INV74633,2025-08-16,3,11.78,35.34,France
C1235,INV21910,2024-02-26,5,119.85,599.25,France
C1235,INV56340,2024-01-11,2,354.55,709.1,France
C1235,INV73632,2024-08-03,3,7.65,22.95,France
C1235,INV56708,2025-10-17,5,432.89,2164.45,UK
C1236,INV88437,2024-06-08,3,434.86,1304.58,Germany
C1236,INV18608,2024-09-22,2,174.24,348.48,Germany
C1236,INV44909,2025-01-03,3,237.3,711.9,USA
C1236,INV19678,2024-11-05,2,326.51,653.02,France
C1236,INV36989,2025-07-16,4,470.27,1881.08,UK
C1236,INV55692,2024-12-18,3,417.25,1251.75,India
C1236,INV25498,2024-09-10,2,59.48,118.96,France
C1237,INV76358,2025-03-26,1,326.08,326.08,USA
C1237,INV34543,2024-07-11,3,375.16,1125.48,India
C1237,INV33518,2025-07-20,1,93.78,93.78,UK
C1238,INV64141,2024-01-14,1,306.8,306.8,USA
C1238,INV34620,2025-05-04,4,230.16,920.64,UK
C1238,INV58653,2025-04-24,3,321.32,963.96,France
C1238,INV81667,2025-10-28,5,81.08,405.4,USA
C1238,INV71912,2025-02-04,2,461.05,922.1,USA
C1239,INV21761,2024-01-23,2,46.86,93.72,France
C1239,INV12133,2025-02-28,4,126.91,507.64,France
C1239,INV89835,2025-04-27,3,109.56,328.68,USA
C1239,INV98696,2025-08-26,3,370.03,1110.09,USA
C1240,INV33081,2025-09-19,1,235.18,235.18,UK
C1240,INV29545,2025-08-15,4,177.02,708.08,France
C1240,INV49957,2024-10-31,4,409.4,1637.6,UK
C1240,INV33440,2025-08-18,5,47.13,235.65,France
C1241,INV87424,2024-05-27,2,240.1,480.2,USA
C1241,INV99578,2024-02-08,2,42.04,84.08,India
C1242,INV28944,2024-03-20,4,142.79,571.16,France
C1242,INV52926,2025-07-12,5,120.09,600.45,India
C1242,INV58090,2024-03-31,4,180.88,723.52,USA
C1242,INV79789,2025-04-16,4,109.2,436.8,India
C1243,INV69648,2025-08-27,2,415.51,831.02,UK
C1243,INV77598,2025-05-08,5,241.86,1209.3,France
C1243,INV40360,2025-06-29,3,6.55,19.65,India
C1244,INV87104,2025-05-14,5,212.21,1061.05,Germany
C1244,INV30612,2024-11-16,5,176.8,884.0,Germany
C1244,INV45890,2025-01-17,4,389.64,1558.56,France
C1244,INV18139,2025-08-25,5,494.78,2473.9,USA
C1244,INV16685,2025-09-13,4,12.83,51.32,UK
C1245,INV83364,2024-03-22,2,66.0,132.0,Germany
C1245,INV20287,2025-05-03,3,382.41,1147.23,India
C1245,INV10589,2024-03-29,5,445.49,2227.45,India
C1245,INV12845,2025-07-25,3,369.44,1108.32,India
C1245,INV68147,2024-12-24,4,485.27,1941.08,France
C1245,INV16459,2025-10-13,5,332.53,1662.65,USA
C1246,INV75111,2024-07-13,4,247.93,991.72,USA
C1246,INV79741,2024-10-11,5,290.42,1452.1,USA
C1246,INV36684,2025-01-25,1,393.89,393.89,Germany
C1247,INV94125,2024-08-24,4,338.02,1352.08,France
C1247,INV65331,2024-06-03,5,437.67,2188.35,UK
C1247,INV64964,2024-06-23,4,5.32,21.28,UK
C1247,INV62569,2025-08-31,2,31.49,62.98,France
C1247,INV96927,2024-09-20,1,80.26,80.26,USA
C1247,INV93946,2024-11-16,5,51.42,257.1,India
C1248,INV16661,2024-07-22,3,122.88,368.64,India
C1248,INV30853,2025-09-26,5,235.82,1179.1,UK
C1248,INV35981,2025-06-15,2,381.41,762.82,USA
C1249,INV38493,2025-04-16,5,27.5,137.5,Germany
C1249,INV16215,2025-03-27,3,309.49,928.47,UK
C1249,INV41046,2025-09-28,2,387.91,775.82,India
C1249,INV95158,2024-03-27,4,142.84,571.36,India
C1249,INV10808,2025-08-19,1,420.39,420.39,Germany
C1249,INV33733,2024-04-22,3,378.1,1134.3,France
C1250,INV70303,2025-06-24,1,306.12,306.12,France
C1250,INV76491,2024-07-15,4,192.98,771.92,France
C1250,INV22292,2025-07-14,3,376.63,1129.89,USA
C1251,INV59685,2025-04-18,5,418.36,2091.8,USA
C1251,INV20008,2025-10-10,2,162.43,324.86,UK
C1251,INV70405,2025-06-07,3,264.74,794.22,France
C1252,INV20786,2025-11-03,3,320.36,961.08,UK
C1252,INV97074,2025-02-21,3,100.19,300.57,UK
C1252,INV65491,2024-07-25,5,443.0,2215.0,Germany
C1252,INV58904,2025-05-31,2,456.9,913.8,France
C1253,INV66463,2024-10-31,3,159.38,478.14,France
C1253,INV41049,2024-08-25,3,425.52,1276.56,UK
C1253,INV54895,2024-03-03,1,468.06,468.06,France
C1253,INV36539,2024-05-09,2,464.67,929.34,Germany
C1253,INV17093,2024-02-13,1,123.79,123.79,Germany
C1254,INV45855,2025-09-30,3,127.1,381.3,India
C1254,INV67125,2024-11-25,2,452.86,905.72,USA
C1254,INV42131,2025-03-28,2,92.71,185.42,India
C1254,INV78590,2024-07-24,3,379.74,1139.22,UK
C1255,INV99529,2024-05-28,5,128.48,642.4,USA
C1255,INV86757,2025-05-16,2,448.3,896.6,France
C1256,INV34028,2024-05-09,2,303.88,607.76,France
C1256,INV85669,2025-08-26,4,64.35,257.4,Germany
C1256,INV30468,2025-05-28,1,62.88,62.88,France
C1256,INV14568,2025-04-21,2,153.47,306.94,India
C1256,INV28550,2025-02-20,1,86.38,86.38,Germany
C1257,INV55239,2025-05-27,4,292.8,1171.2,Germany
C1257,INV90902,2024-03-14,3,285.47,856.41,Germany
C1257,INV41905,2025-04-04,3,208.37,625.11,France
C1257,INV74825,2025-01-26,4,10.35,41.4,India
C1258,INV14620,2024-11-20,3,490.38,1471.14,USA
C1258,INV48476,2024-05-30,1,448.37,448.37,USA
C1258,INV24378,2025-07-01,4,310.39,1241.56,India
C1258,INV91678,2025-08-26,4,56.12,224.48,USA
C1259,INV13994,2025-10-17,4,491.87,1967.48,Germany
C1259,INV78904,2024-06-30,2,218.46,436.92,Germany
C1259,INV95011,2024-08-30,4,18.49,73.96,India
C1260,INV33339,2025-04-26,2,412.66,825.32,UK
C1260,INV24652,2025-07-27,3,178.66,535.98,USA
C1260,INV96318,2024-09-10,1,167.45,167.45,Germany
C1260,INV35415,2024-05-26,1,418.12,418.12,USA
C1260,INV84507,2024-09-07,5,421.25,2106.25,USA
C1261,INV96916,2024-11-16,5,106.1,530.5,USA
C1261,INV22196,2024-01-12,5,467.21,2336.05,UK
C1261,INV18784,2025-04-23,1,302.83,302.83,Germany
C1261,INV14426,2025-10-17,2,206.84,413.68,France
C1261,INV99801,2024-04-22,2,485.72,971.44,USA
C1262,INV11396,2024-10-18,3,387.92,1163.76,UK
C1262,INV17340,2024-01-31,3,43.02,129.06,Germany
C1262,INV22179,2024-09-04,4,342.27,1369.08,UK
C1263,INV33188,2024-08-11,5,189.86,949.3,USA
C1263,INV59616,2024-06-27,1,224.84,224.84,UK
C1264,INV41844,2024-07-20,3,19.43,58.29,Germany
C1264,INV45162,2025-09-26,4,212.5,850.0,USA
C1264,INV10380,2024-04-27,5,356.51,1782.55,UK
C1264,INV67916,2024-03-07,3,134.86,404.58,France
C1264,INV59487,2024-08-06,2,443.66,887.32,Germany
C1265,INV10797,2024-10-26,4,224.73,898.92,India
C1265,INV45772,2025-09-16,5,8.99,44.95,Germany
C1265,INV36964,2025-10-21,5,218.49,1092.45,France
C1265,INV87931,2024-09-21,2,422.89,845.78,UK
C1265,INV32650,2024-12-04,1,157.69,157.69,USA
C1265,INV94336,2025-02-04,3,281.91,845.73,Germany
C1265,INV96604,2025-08-02,3,489.29,1467.87,India
C1265,INV53235,2025-11-06,4,120.78,483.12,India
C1266,INV47142,2024-09-24,3,229.93,689.79,France
C1266,INV78112,2025-06-29,1,303.75,303.75,France
C1266,INV75945,2025-04-05,1,218.34,218.34,UK
C1266,INV85985,2024-07-31,1,94.69,94.69,India
C1266,INV14800,2025-03-11,5,157.07,785.35,USA
C1267,INV41190,2024-04-29,1,399.62,399.62,UK
C1267,INV49663,2025-05-21,2,173.57,347.14,India
C1267,INV49842,2025-07-16,1,332.55,332.55,France
C1268,INV28238,2024-01-17,5,474.38,2371.9,Germany
C1268,INV35606,2024-07-31,1,119.58,119.58,France
C1268,INV51612,2025-08-30,4,22.79,91.16,USA
C1269,INV51618,2025-08-22,3,293.71,881.13,USA
C1269,INV46682,2024-01-08,4,160.28,641.12,India
C1269,INV79127,2024-06-22,2,296.23,592.46,USA
C1269,INV72046,2024-10-04,2,35.63,71.26,USA
C1270,INV90121,2024-12-24,4,215.93,863.72,UK
C1270,INV65478,2025-08-04,1,114.78,114.78,USA
C1270,INV82391,2024-08-09,4,409.57,1638.28,UK
C1270,INV38797,2025-10-12,4,227.78,911.12,Germany
C1271,INV33896,2024-05-27,2,333.08,666.16,USA
C1271,INV83897,2025-08-31,5,223.84,1119.2,Germany
C1271,INV70461,2024-08-21,4,348.43,1393.72,UK
C1272,INV61510,2024-07-26,4,275.97,1103.88,UK
C1272,INV52163,2025-05-27,4,206.82,827.28,USA
C1272,INV72923,2024-03-28,2,33.06,66.12,India
C1273,INV91116,2024-09-30,2,100.75,201.5,USA
C1274,INV47691,2024-06-09,3,325.81,977.43,UK
C1274,INV19325,2025-09-03,1,74.85,74.85,USA
C1274,INV28066,2025-01-16,2,201.51,403.02,France
C1274,INV70143,2024-04-19,3,183.43,550.29,Germany
C1274,INV76142,2025-04-14,5,494.93,2474.65,Germany
C1275,INV17603,2024-11-06,4,488.75,1955.0,USA
C1276,INV86462,2025-03-08,4,225.99,903.96,Germany
C1276,INV83644,2025-03-08,1,252.85,252.85,Germany
C1276,INV51544,2025-03-26,5,217.66,1088.3,India
C1276,INV48648,2024-07-13,3,280.31,840.93,Germany
C1276,INV68985,2025-06-28,2,264.18,528.36,Germany
C1276,INV92334,2024-06-26,1,445.51,445.51,France
C1277,INV77390,2024-06-25,4,55.91,223.64,Germany
C1277,INV22019,2024-03-29,2,338.55,677.1,UK
C1277,INV79678,2025-08-14,4,80.13,320.52,UK
C1277,INV51840,2025-09-13,2,384.09,768.18,USA
C1278,INV84507,2024-01-01,4,141.58,566.32,India
C1279,INV53343,2025-03-13,1,327.86,327.86,France
C1279,INV68276,2024-06-24,5,304.97,1524.85,France
C1279,INV89125,2025-08-16,3,61.15,183.45,France
C1279,INV93078,2025-11-27,2,299.1,598.2,USA
C1280,INV73455,2025-03-11,1,133.0,133.0,UK
C1280,INV92714,2024-01-20,4,389.84,1559.36,France
C1280,INV69311,2025-04-15,4,91.45,365.8,India
C1281,INV54809,2025-09-14,4,87.12,348.48,Germany
C1281,INV55467,2024-01-18,5,39.35,196.75,USA
C1281,INV51461,2024-03-03,2,68.11,136.22,India
C1281,INV93664,2025-07-13,2,206.26,412.52,USA
C1282,INV42564,2025-01-02,5,450.63,2253.15,Germany
C1282,INV77556,2025-07-07,1,419.58,419.58,France
C1282,INV36036,2025-03-05,3,130.55,391.65,France
C1283,INV72779,2024-03-30,4,165.15,660.6,UK
C1283,INV58906,2025-04-09,5,174.65,873.25,Germany
C1283,INV83617,2024-04-04,4,462.51,1850.04,France
C1283,INV19327,2024-11-18,4,326.65,1306.6,Germany
C1284,INV74941,2025-05-24,3,152.9,458.7,USA
C1284,INV16306,2025-09-14,5,357.51,1787.55,India
C1285,INV40657,2025-01-12,5,479.03,2395.15,USA
C1285,INV17041,2025-01-30,1,278.79,278.79,USA
C1285,INV50204,2025-07-21,2,305.53,611.06,USA
C1286,INV92373,2024-08-08,3,415.71,1247.13,India
C1286,INV67477,2025-11-13,3,268.28,804.84,Germany
C1286,INV92123,2025-09-02,3,446.2,1338.6,USA
C1287,INV63598,2024-12-07,4,342.68,1370.72,France
C1287,INV20657,2024-08-08,3,185.51,556.53,USA
C1287,INV97147,2025-05-31,5,291.35,1456.75,Germany
C1287,INV15354,2025-04-29,5,132.09,660.45,USA
C1288,INV37118,2025-06-29,5,17.72,88.6,UK
C1288,INV34013,2024-07-17,4,248.57,994.28,USA
C1288,INV18205,2025-07-10,3,102.14,306.42,UK
C1288,INV71573,2024-03-28,2,264.16,528.32,UK
C1289,INV61006,2025-06-23,3,417.05,1251.15,UK
C1289,INV87527,2025-11-12,3,320.7,962.1,Germany
C1289,INV15723,2025-07-27,2,251.57,503.14,Germany
C1290,INV12666,2025-09-19,3,72.17,216.51,UK
C1290,INV95751,2025-09-16,3,454.33,1362.99,Germany
C1290,INV19095,2025-11-27,4,352.36,1409.44,India
C1290,INV89474,2025-01-23,3,471.08,1413.24,France
C1291,INV62270,2024-08-02,4,467.69,1870.76,UK
C1291,INV19456,2024-06-24,2,294.35,588.7,France
C1291,INV54820,2025-11-08,2,408.81,817.62,UK
C1291,INV71014,2024-11-22,1,255.44,255.44,France
C1291,INV53042,2024-04-23,4,498.89,1995.56,UK
C1291,INV80815,2024-11-11,4,203.35,813.4,UK
C1291,INV65604,2024-03-21,1,210.34,210.34,Germany
C1291,INV79716,2024-09-27,5,223.81,1119.05,UK
C1291,INV35559,2025-03-29,1,470.55,470.55,UK
C1291,INV32748,2025-03-29,2,102.83,205.66,USA
C1292,INV10057,2025-01-02,2,203.72,407.44,Germany
C1292,INV60795,2024-08-24,1,85.46,85.46,USA
C1293,INV78181,2025-03-09,2,111.38,222.76,Germany
C1293,INV89192,2024-01-30,2,436.6,873.2,USA
C1294,INV89374,2025-01-30,1,201.17,201.17,India
C1294,INV72311,2024-07-26,3,79.97,239.91,USA
C1294,INV29932,2024-10-29,4,309.13,1236.52,Germany
C1294,INV58030,2025-01-01,2,237.61,475.22,France
C1294,INV12296,2024-12-17,3,396.75,1190.25,France
C1295,INV56639,2025-04-19,2,493.94,987.88,USA
C1295,INV78904,2024-08-15,4,24.94,99.76,India
C1295,INV51148,2024-10-10,5,214.21,1071.05,Germany
C1295,INV16449,2025-11-26,1,448.06,448.06,USA
C1296,INV78513,2025-09-02,4,408.12,1632.48,India
C1296,INV76419,2024-07-14,5,222.73,1113.65,USA
C1296,INV35653,2025-03-26,5,62.65,313.25,Germany
C1296,INV89769,2024-03-29,3,232.37,697.11,UK
C1297,INV63318,2024-05-19,4,179.79,719.16,UK
C1297,INV18506,2025-07-13,2,413.84,827.68,USA
C1297,INV54266,2025-03-17,1,225.47,225.47,Germany
C1297,INV16759,2024-01-11,3,479.18,1437.54,USA
C1297,INV85359,2025-01-13,4,210.49,841.96,France
C1298,INV83306,2024-11-30,2,96.5,193.0,France
C1299,INV15223,2025-06-17,3,117.25,351.75,USA
C1299,INV89385,2025-04-10,5,11.11,55.55,UK
C1300,INV25742,2025-02-22,4,201.91,807.64,France
C1300,INV76194,2024-12-23,3,442.36,1327.08,France
C1300,INV21133,2024-07-08,2,76.94,153.88,USA
C1301,INV31426,2024-02-19,5,497.32,2486.6,UK
C1301,INV51061,2024-05-21,5,61.2,306.0,USA
C1302,INV88853,2025-02-15,1,43.21,43.21,Germany
C1302,INV18453,2024-04-28,1,399.26,399.26,Germany
C1302,INV20638,2025-06-12,1,87.21,87.21,UK
C1302,INV65643,2024-02-11,5,474.75,2373.75,France
C1302,INV99163,2024-04-09,5,50.11,250.55,India
C1302,INV36662,2024-07-18,3,7.07,21.21,India
C1302,INV10444,2025-04-13,3,168.92,506.76,USA
C1303,INV36902,2025-11-21,3,484.06,1452.18,France
C1303,INV29577,2025-01-19,5,122.28,611.4,UK
C1303,INV46630,2024-03-08,2,399.77,799.54,France
C1303,INV62972,2025-04-18,5,240.17,1200.85,Germany
C1303,INV39070,2025-10-06,5,143.9,719.5,India
C1304,INV41012,2024-06-06,1,317.21,317.21,France
C1304,INV54127,2025-06-01,3,170.43,511.29,India
C1304,INV37226,2025-05-25,4,367.12,1468.48,France
C1304,INV87742,2024-09-17,4,403.06,1612.24,France
C1304,INV55347,2025-08-28,1,478.81,478.81,India
C1304,INV48796,2025-09-14,3,232.52,697.56,India
C1305,INV15942,2025-03-18,3,201.02,603.06,France
C1305,INV50299,2024-04-02,4,366.44,1465.76,UK
C1305,INV83523,2025-02-03,2,453.99,907.98,USA
C1305,INV84202,2025-11-24,1,180.42,180.42,UK
C1306,INV40552,2024-06-19,5,238.51,1192.55,UK
C1306,INV25023,2025-01-21,5,116.18,580.9,India
C1306,INV65178,2024-02-18,3,180.64,541.92,India
C1306,INV57066,2025-06-29,4,351.17,1404.68,UK
C1306,INV42620,2024-08-19,5,285.86,1429.3,France
C1306,INV65341,2025-07-10,2,259.02,518.04,Germany
C1307,INV56682,2025-09-29,4,301.65,1206.6,France
C1307,INV44666,2024-12-25,1,162.93,162.93,India
C1307,INV71571,2024-10-17,3,146.38,439.14,France
C1308,INV12020,2025-02-12,3,91.33,273.99,USA
C1308,INV53643,2024-11-25,3,314.71,944.13,France
C1309,INV45500,2024-01-16,4,65.24,260.96,UK
C1309,INV12453,2025-02-15,2,315.35,630.7,France
C1309,INV46409,2025-07-19,1,376.18,376.18,France
C1309,INV43018,2025-09-30,1,167.07,167.07,UK
C1309,INV68230,2024-04-25,4,396.39,1585.56,USA
C1310,INV64962,2025-08-04,3,48.46,145.38,USA
C1310,INV72225,2024-04-30,1,110.93,110.93,France
C1310,INV86310,2024-07-17,4,183.39,733.56,India
C1310,INV60164,2025-02-26,4,326.44,1305.76,USA
C1310,INV61452,2025-04-12,1,150.3,150.3,USA
C1311,INV59353,2025-05-09,5,284.47,1422.35,UK
C1311,INV19526,2025-04-08,2,408.96,817.92,UK
C1311,INV25240,2024-01-14,5,361.48,1807.4,France
C1312,INV89778,2024-06-10,1,73.13,73.13,Germany
C1312,INV43031,2024-01-01,5,73.37,366.85,Germany
C1312,INV30161,2025-08-23,5,339.07,1695.35,France
C1313,INV86060,2024-10-14,5,467.6,2338.0,France
C1313,INV10251,2024-07-31,3,443.71,1331.13,UK
C1313,INV80910,2024-04-15,2,167.64,335.28,UK
C1313,INV82616,2024-02-08,5,337.5,1687.5,France
C1314,INV96701,2024-08-06,2,107.26,214.52,USA
C1314,INV97673,2024-08-06,5,119.95,599.75,Germany
C1314,INV95846,2024-10-10,3,264.09,792.27,France
C1314,INV43531,2025-10-06,1,188.26,188.26,USA
C1315,INV75073,2024-08-25,1,452.11,452.11,India
C1315,INV37272,2024-07-05,3,128.03,384.09,USA
C1315,INV44357,2024-08-09,4,245.4,981.6,Germany
C1315,INV91158,2025-01-16,5,430.06,2150.3,France
C1315,INV46193,2025-08-22,2,140.48,280.96,India
C1315,INV63821,2025-09-29,2,472.79,945.58,Germany
C1316,INV92540,2024-03-24,2,36.52,73.04,India
C1316,INV74811,2024-05-03,5,72.96,364.8,France
C1316,INV71874,2025-10-27,5,342.91,1714.55,Germany
C1316,INV38240,2024-06-13,3,406.91,1220.73,France
C1316,INV91791,2025-10-23,3,402.61,1207.83,India
C1317,INV29599,2025-03-28,3,437.16,1311.48,UK
C1317,INV54625,2024-04-28,3,479.94,1439.82,UK
C1317,INV31821,2024-06-01,4,101.29,405.16,UK
C1318,INV21385,2024-11-29,5,490.71,2453.55,France
C1318,INV97502,2025-10-13,3,420.23,1260.69,India
C1318,INV78098,2025-04-14,5,461.49,2307.45,UK
C1318,INV55361,2024-04-09,4,364.06,1456.24,India
C1318,INV60050,2024-03-19,2,156.62,313.24,USA
C1318,INV90700,2024-08-15,3,341.19,1023.57,India
C1319,INV79753,2025-10-20,1,70.48,70.48,USA
C1319,INV64104,2025-11-14,5,73.93,369.65,France
C1319,INV23352,2024-01-08,1,114.65,114.65,USA
C1320,INV53895,2025-01-03,5,262.67,1313.35,France
C1320,INV56734,2024-11-04,5,21.47,107.35,Germany
C1321,INV68761,2024-10-04,2,41.32,82.64,France
C1321,INV30263,2025-04-08,5,236.65,1183.25,UK
C1321,INV17242,2024-10-14,3,448.05,1344.15,France
C1322,INV96566,2024-02-02,4,258.87,1035.48,UK
C1322,INV28615,2024-08-12,1,497.89,497.89,India
C1322,INV22808,2024-10-31,4,5.81,23.24,India
C1322,INV53577,2024-09-20,5,106.1,530.5,USA
C1323,INV40237,2025-10-01,2,88.07,176.14,UK
C1323,INV38352,2024-03-25,1,363.39,363.39,France
C1323,INV23624,2025-10-11,1,354.25,354.25,USA
C1324,INV42718,2025-06-04,1,360.77,360.77,France
C1324,INV23029,2024-03-18,4,459.33,1837.32,Germany
C1324,INV96049,2024-03-16,2,31.65,63.3,Germany
C1325,INV68013,2024-09-30,2,228.84,457.68,Germany
C1325,INV14605,2025-05-31,3,339.42,1018.26,USA
C1326,INV30669,2025-06-27,2,23.66,47.32,USA
C1326,INV99849,2025-07-18,2,493.51,987.02,France
C1326,INV57851,2025-06-11,2,271.51,543.02,India
C1326,INV11671,2025-11-24,4,432.15,1728.6,France
C1327,INV36276,2025-10-28,3,14.05,42.15,France
C1327,INV61334,2025-09-23,3,5.3,15.9,USA
C1327,INV57368,2024-08-03,1,72.83,72.83,France
C1327,INV98090,2025-01-10,3,216.94,650.82,UK
C1328,INV29158,2024-09-10,5,438.57,2192.85,UK
C1328,INV42603,2025-09-24,5,370.02,1850.1,USA
C1329,INV42533,2025-04-16,3,319.28,957.84,India
C1329,INV63918,2024-03-27,4,15.28,61.12,USA
C1329,INV26527,2025-06-15,1,411.52,411.52,UK
C1329,INV71728,2025-01-15,5,90.08,450.4,India
C1329,INV10953,2024-11-29,5,430.52,2152.6,Germany
C1329,INV90204,2024-04-27,5,244.01,1220.05,Germany
C1330,INV44063,2025-08-07,3,12.12,36.36,USA
C1330,INV59462,2025-07-15,4,304.93,1219.72,India
C1331,INV93602,2024-11-08,4,399.24,1596.96,USA
C1331,INV14786,2025-05-31,4,333.36,1333.44,France
C1331,INV30344,2024-03-23,2,48.29,96.58,UK
C1331,INV88652,2024-09-20,5,97.05,485.25,UK
C1331,INV29027,2025-10-26,5,478.05,2390.25,India
C1331,INV63777,2025-10-28,2,368.68,737.36,France
C1331,INV46658,2025-05-04,3,474.15,1422.45,Germany
C1331,INV59573,2024-04-08,2,58.8,117.6,UK
C1332,INV30787,2024-04-12,1,267.9,267.9,India
C1332,INV67237,2025-06-05,2,314.59,629.18,India
C1332,INV73256,2025-07-18,1,170.72,170.72,USA
C1332,INV97622,2024-08-07,2,78.51,157.02,India
C1332,INV56698,2025-02-20,4,278.21,1112.84,France
C1332,INV94491,2024-06-18,1,102.36,102.36,Germany
C1333,INV53032,2025-02-24,1,265.41,265.41,France
C1333,INV85628,2025-06-14,4,106.02,424.08,Germany
C1333,INV32135,2024-11-23,2,238.9,477.8,UK
C1334,INV92747,2024-10-15,2,161.47,322.94,Germany
C1334,INV85300,2024-02-08,5,183.4,917.0,India
C1334,INV50627,2024-03-01,1,44.89,44.89,India
C1334,INV97733,2024-04-12,1,49.43,49.43,Germany
C1335,INV82614,2024-12-04,1,174.71,174.71,USA
C1335,INV83662,2024-03-18,2,483.09,966.18,USA
C1336,INV33620,2025-01-08,2,365.79,731.58,Germany
C1336,INV93706,2024-07-29,5,167.28,836.4,USA
C1336,INV14961,2024-09-17,1,61.88,61.88,France
C1336,INV46779,2024-01-03,3,370.27,1110.81,France
C1336,INV38627,2025-02-21,3,31.98,95.94,India
C1337,INV66564,2025-09-01,2,460.01,920.02,USA
C1337,INV93485,2024-10-23,2,134.57,269.14,India
C1337,INV64866,2025-03-12,5,99.22,496.1,India
C1338,INV54674,2025-05-21,1,424.99,424.99,UK
C1338,INV31115,2024-09-10,4,396.69,1586.76,Germany
C1338,INV73686,2025-02-24,4,403.52,1614.08,USA
C1338,INV26650,2025-08-13,1,30.38,30.38,India
C1338,INV88657,2024-10-07,2,293.79,587.58,Germany
C1339,INV50933,2024-03-19,1,375.56,375.56,USA
C1339,INV35441,2024-12-03,3,483.8,1451.4,USA
C1339,INV56687,2025-05-14,3,308.51,925.53,France
C1339,INV26357,2025-07-17,1,449.49,449.49,France
C1339,INV58809,2025-01-02,5,311.05,1555.25,USA
C1340,INV55710,2024-01-16,5,333.34,1666.7,USA
C1340,INV97146,2025-08-09,4,370.39,1481.56,Germany
C1340,INV70847,2025-08-22,3,248.72,746.16,India
C1340,INV83583,2025-05-04,4,212.05,848.2,France
C1340,INV45253,2024-08-04,4,325.99,1303.96,India
C1341,INV45190,2024-08-17,3,309.0,927.0,Germany
C1341,INV87005,2024-08-15,3,173.3,519.9,USA
C1341,INV25797,2025-08-30,3,46.71,140.13,UK
C1342,INV50302,2025-07-05,1,319.49,319.49,India
C1342,INV73572,2024-05-17,1,261.45,261.45,France
C1342,INV61889,2025-06-06,1,282.07,282.07,USA
C1342,INV28303,2025-08-22,5,220.52,1102.6,France
C1342,INV14654,2025-10-28,2,465.43,930.86,Germany
C1343,INV66289,2025-05-22,1,396.99,396.99,USA
C1343,INV42680,2025-07-21,1,284.39,284.39,India
C1343,INV58777,2025-02-23,5,355.18,1775.9,Germany
C1344,INV52389,2024-03-25,2,297.9,595.8,USA
C1344,INV82991,2024-05-14,3,246.17,738.51,Germany
C1344,INV99482,2024-01-18,4,247.44,989.76,India
C1344,INV19602,2025-01-04,3,72.5,217.5,UK
C1345,INV21188,2024-12-20,2,141.99,283.98,USA
C1345,INV12190,2025-01-25,2,39.51,79.02,France
C1345,INV13718,2025-09-16,1,167.3,167.3,UK
C1345,INV99585,2025-05-30,5,240.01,1200.05,India
C1345,INV76807,2024-08-23,2,29.58,59.16,Germany
C1346,INV44295,2024-08-14,5,261.42,1307.1,UK
C1346,INV43838,2025-03-05,1,217.43,217.43,India
C1347,INV89859,2025-08-08,2,101.5,203.0,Germany
C1347,INV79115,2024-12-18,4,192.11,768.44,India
C1348,INV10468,2025-05-17,1,422.78,422.78,UK
C1348,INV35887,2024-07-02,1,199.66,199.66,India
C1348,INV75997,2025-03-07,3,290.92,872.76,USA
C1348,INV31195,2025-02-03,5,442.98,2214.9,India
C1348,INV92315,2024-06-10,4,496.67,1986.68,India
C1348,INV73227,2025-08-30,2,433.21,866.42,France
C1349,INV62278,2024-12-02,3,144.55,433.65,USA
C1349,INV81650,2024-08-10,2,32.83,65.66,UK
C1349,INV53121,2024-12-05,1,275.93,275.93,USA
C1349,INV34965,2024-04-25,5,162.11,810.55,USA
C1349,INV90293,2024-06-03,3,55.67,167.01,UK
C1350,INV90575,2024-10-02,2,289.95,579.9,UK
C1350,INV87522,2024-03-29,4,402.01,1608.04,Germany
C1350,INV94653,2024-04-22,5,326.1,1630.5,France
C1350,INV47255,2025-09-20,5,139.42,697.1,India
C1350,INV67478,2024-08-09,2,240.78,481.56,Germany
C1350,INV20442,2025-04-13,4,339.82,1359.28,Germany
C1350,INV83289,2024-07-29,4,379.44,1517.76,USA
C1351,INV11734,2024-08-15,5,78.24,391.2,France
C1351,INV69867,2025-11-19,5,69.52,347.6,USA
C1351,INV68846,2024-05-22,5,492.97,2464.85,Germany
C1351,INV68874,2025-08-09,5,162.36,811.8,Germany
C1352,INV98173,2024-09-24,1,47.92,47.92,USA
C1353,INV32153,2025-10-15,5,225.41,1127.05,France
C1353,INV64665,2024-12-07,2,184.88,369.76,UK
C1353,INV14972,2025-10-17,4,316.11,1264.44,Germany
C1353,INV11410,2024-05-30,1,383.83,383.83,India
C1353,INV89644,2025-10-11,2,21.06,42.12,Germany
C1354,INV13277,2024-06-18,2,155.72,311.44,UK
C1354,INV30101,2025-11-18,2,28.26,56.52,UK
C1354,INV19214,2024-08-24,4,123.31,493.24,UK
C1355,INV52885,2025-02-18,5,306.06,1530.3,UK
C1355,INV98091,2024-11-06,4,118.02,472.08,UK
C1355,INV46919,2024-02-10,5,148.18,740.9,UK
C1355,INV88220,2024-09-15,2,63.53,127.06,USA
C1355,INV37494,2025-10-28,3,290.72,872.16,USA
C1355,INV55248,2025-04-16,2,300.91,601.82,India
C1355,INV64528,2025-04-09,4,352.04,1408.16,India
C1356,INV79518,2025-04-28,3,259.67,779.01,UK
C1356,INV33301,2025-08-21,1,360.04,360.04,Germany
C1356,INV55963,2025-02-10,5,432.86,2164.3,France
C1357,INV75036,2025-08-26,4,39.03,156.12,France
C1357,INV45148,2025-01-19,4,439.49,1757.96,India
C1357,INV42652,2024-05-22,5,35.79,178.95,UK
C1357,INV45496,2025-07-29,5,203.84,1019.2,USA
C1357,INV24475,2024-12-17,5,429.64,2148.2,USA
C1357,INV64713,2024-08-01,2,91.96,183.92,USA
C1358,INV37565,2024-02-22,3,470.26,1410.78,Germany
C1358,INV46094,2024-08-27,2,231.08,462.16,USA
C1358,INV32901,2024-08-18,5,227.87,1139.35,France
C1358,INV10905,2024-06-27,3,491.94,1475.82,India
C1358,INV45729,2024-02-05,1,361.63,361.63,USA
C1359,INV82403,2024-01-16,5,14.63,73.15,India
C1359,INV50014,2024-05-11,4,304.92,1219.68,Germany
C1359,INV64460,2024-10-26,3,392.83,1178.49,USA
C1360,INV42148,2025-06-16,1,286.37,286.37,France
C1361,INV70406,2025-10-22,4,229.15,916.6,France
C1361,INV32324,2024-07-13,4,135.05,540.2,UK
C1361,INV52598,2024-11-26,1,143.11,143.11,Germany
C1361,INV57500,2024-10-10,1,295.88,295.88,India
C1361,INV79075,2025-07-27,3,45.87,137.61,Germany
C1361,INV29075,2024-04-18,5,257.68,1288.4,UK
C1361,INV35333,2024-06-29,4,62.1,248.4,Germany
C1362,INV90372,2024-08-30,1,8.06,8.06,France
C1362,INV58190,2025-07-20,3,341.45,1024.35,USA
C1362,INV34086,2025-02-02,2,480.57,961.14,USA
C1362,INV92350,2025-01-10,1,16.9,16.9,UK
C1362,INV37039,2025-01-08,4,375.61,1502.44,USA
C1363,INV16626,2025-09-08,5,32.57,162.85,USA
C1363,INV64581,2024-03-31,4,423.28,1693.12,USA
C1363,INV41436,2024-02-11,4,274.17,1096.68,France
C1363,INV59089,2025-04-30,2,49.83,99.66,UK
C1364,INV36185,2025-09-18,4,123.62,494.48,UK
C1364,INV88266,2024-01-23,4,398.04,1592.16,UK
C1364,INV91750,2025-02-06,3,172.3,516.9,Germany
C1364,INV24375,2025-05-08,5,116.07,580.35,USA
C1364,INV77365,2024-12-18,3,9.5,28.5,USA
C1365,INV13994,2025-02-01,4,227.8,911.2,Germany
C1365,INV84017,2025-10-09,2,189.16,378.32,UK
C1365,INV70656,2024-03-05,3,200.27,600.81,Germany
C1365,INV60306,2025-08-29,3,479.28,1437.84,France
C1365,INV84828,2024-06-22,4,346.61,1386.44,Germany
C1365,INV70925,2025-08-08,1,445.06,445.06,France
C1365,INV35336,2024-04-22,4,119.01,476.04,France
C1366,INV58307,2025-06-06,4,474.52,1898.08,India
C1366,INV10975,2025-05-12,2,158.19,316.38,UK
C1366,INV67293,2025-11-12,2,390.79,781.58,India
C1367,INV85446,2025-08-17,3,48.85,146.55,UK
C1367,INV53477,2025-04-18,2,300.09,600.18,France
C1367,INV46872,2025-05-31,2,421.6,843.2,UK
C1367,INV98349,2024-01-22,2,211.61,423.22,Germany
C1367,INV86737,2024-08-04,3,71.22,213.66,USA
C1368,INV63925,2024-08-31,5,274.68,1373.4,UK
C1368,INV75226,2024-03-28,1,139.22,139.22,UK
C1368,INV37572,2025-06-15,2,8.66,17.32,USA
C1369,INV43771,2024-11-06,5,38.68,193.4,USA
C1369,INV75426,2024-08-09,4,218.95,875.8,Germany
C1369,INV61604,2024-03-04,5,183.04,915.2,India
C1369,INV89285,2025-04-25,1,35.15,35.15,India
C1369,INV94983,2025-05-05,1,389.97,389.97,India
C1370,INV98064,2025-08-28,3,406.76,1220.28,France
C1370,INV43954,2024-07-24,2,492.03,984.06,Germany
C1371,INV89706,2024-03-13,5,306.79,1533.95,France
C1371,INV64504,2025-10-01,1,201.41,201.41,Germany
C1371,INV38872,2024-10-28,5,6.03,30.15,India
C1372,INV66793,2025-01-17,4,261.78,1047.12,France
C1372,INV71253,2024-02-05,3,227.39,682.17,UK
C1372,INV38175,2024-07-26,1,66.68,66.68,France
C1372,INV93958,2025-04-01,2,132.76,265.52,France
C1373,INV13033,2025-05-09,3,312.45,937.35,France
C1373,INV75424,2024-07-29,4,61.41,245.64,USA
C1373,INV99371,2025-03-26,5,252.28,1261.4,France
C1373,INV24672,2025-06-18,1,231.89,231.89,India
C1374,INV43819,2025-03-22,5,433.76,2168.8,Germany
C1374,INV30541,2024-12-14,2,136.23,272.46,USA
C1375,INV30100,2025-02-12,2,439.18,878.36,USA
C1375,INV49375,2025-01-04,1,137.24,137.24,Germany
C1375,INV72851,2025-09-28,4,434.66,1738.64,UK
C1375,INV12434,2025-08-01,5,42.26,211.3,USA
C1376,INV85451,2024-06-28,2,450.21,900.42,India
C1376,INV80140,2024-04-03,5,471.78,2358.9,India
C1377,INV20366,2025-05-29,5,429.81,2149.05,India
C1377,INV31695,2024-04-29,4,234.68,938.72,Germany
C1377,INV77874,2025-07-05,5,465.68,2328.4,UK
C1377,INV91413,2024-01-18,2,42.11,84.22,France
C1378,INV25217,2024-01-16,4,411.81,1647.24,India
C1378,INV67254,2025-03-27,1,259.54,259.54,Germany
C1378,INV98432,2025-01-11,4,491.33,1965.32,USA
C1379,INV78905,2024-09-10,2,36.8,73.6,Germany
C1379,INV61647,2025-02-18,2,32.28,64.56,France
C1379,INV44507,2024-10-25,4,393.21,1572.84,USA
C1380,INV53244,2025-09-30,3,241.54,724.62,France
C1380,INV91113,2024-09-05,5,376.03,1880.15,UK
C1380,INV10605,2025-05-03,4,33.26,133.04,France
C1380,INV77499,2024-08-27,3,55.75,167.25,India
C1380,INV49033,2024-01-09,3,435.5,1306.5,USA
C1381,INV53774,2025-04-13,2,126.1,252.2,USA
C1381,INV54926,2024-10-21,1,439.17,439.17,USA
C1381,INV57291,2024-06-18,5,337.47,1687.35,Germany
C1381,INV19037,2024-08-21,3,317.37,952.11,Germany
C1382,INV25354,2025-05-18,2,304.85,609.7,France
C1383,INV43343,2024-10-07,1,420.97,420.97,USA
C1383,INV69796,2024-01-13,4,59.2,236.8,USA
C1383,INV60658,2024-05-21,5,166.74,833.7,USA
C1383,INV71192,2024-09-01,3,140.74,422.22,Germany
C1383,INV70993,2024-01-19,3,133.9,401.7,India
C1383,INV10185,2025-08-09,5,339.24,1696.2,India
C1383,INV78092,2024-05-23,4,145.48,581.92,France
C1383,INV77158,2025-04-30,2,339.72,679.44,Germany
C1384,INV81823,2025-07-22,5,164.55,822.75,UK
C1384,INV67019,2025-06-27,2,353.12,706.24,France
C1384,INV18720,2025-08-06,4,338.05,1352.2,UK
C1384,INV96398,2024-12-13,4,322.02,1288.08,France
C1384,INV38383,2024-08-07,1,21.34,21.34,UK
C1385,INV31810,2025-03-10,5,457.84,2289.2,France
C1385,INV94526,2024-05-27,2,380.69,761.38,India
C1385,INV54834,2024-12-15,3,324.73,974.19,USA
C1385,INV61844,2024-06-11,1,178.63,178.63,France
C1385,INV92303,2025-08-05,2,158.18,316.36,UK
C1386,INV25431,2024-09-04,3,231.61,694.83,UK
C1386,INV50361,2024-06-30,1,448.43,448.43,Germany
C1386,INV18289,2024-03-13,2,453.96,907.92,USA
C1386,INV75011,2024-04-27,4,275.11,1100.44,India
C1386,INV56382,2025-04-23,4,262.84,1051.36,USA
C1387,INV91280,2025-07-25,4,76.21,304.84,France
C1387,INV57778,2024-03-14,2,259.06,518.12,Germany
C1388,INV69113,2024-11-12,5,102.61,513.05,India
C1388,INV78579,2024-03-09,4,47.96,191.84,India
C1389,INV16830,2024-03-28,2,270.95,541.9,France
C1389,INV65747,2025-04-18,4,316.22,1264.88,USA
C1390,INV63765,2024-11-14,4,286.9,1147.6,UK
C1390,INV42211,2025-08-04,1,85.99,85.99,France
C1391,INV40829,2025-06-29,5,409.47,2047.35,USA
C1391,INV99825,2024-11-09,5,217.92,1089.6,USA
C1391,INV46848,2024-11-01,3,288.85,866.55,France
C1391,INV68509,2024-03-09,2,470.55,941.1,USA
C1391,INV31160,2025-10-28,2,370.03,740.06,India
C1391,INV34325,2024-06-25,4,438.46,1753.84,Germany
C1391,INV82390,2024-07-08,5,318.42,1592.1,France
C1391,INV11060,2025-05-19,2,18.92,37.84,France
C1392,INV52061,2025-07-29,3,327.88,983.64,USA
C1392,INV57532,2024-10-10,2,58.19,116.38,France
C1392,INV42036,2024-01-12,2,456.74,913.48,Germany
C1393,INV52679,2025-07-17,5,136.26,681.3,India
C1393,INV86079,2025-04-08,4,122.21,488.84,UK
C1394,INV28260,2025-11-21,5,482.35,2411.75,USA
C1394,INV65521,2024-04-24,3,54.58,163.74,France
C1394,INV66306,2024-07-08,3,105.86,317.58,USA
C1395,INV29617,2024-10-06,3,316.69,950.07,Germany
C1395,INV78709,2024-10-17,5,453.52,2267.6,India
C1396,INV25960,2024-01-13,1,330.68,330.68,France
C1396,INV66229,2025-05-23,2,125.64,251.28,India
C1397,INV80229,2025-03-03,3,183.6,550.8,India
C1397,INV94731,2025-06-10,3,498.13,1494.39,Germany
C1397,INV67105,2024-11-27,5,175.66,878.3,India
C1398,INV52456,2024-04-17,4,51.31,205.24,UK
C1398,INV63047,2024-01-12,5,122.06,610.3,UK
C1398,INV84587,2024-05-27,5,163.41,817.05,Germany
C1398,INV98217,2024-12-19,1,479.75,479.75,Germany
C1398,INV98889,2024-05-14,1,333.85,333.85,France
C1398,INV74158,2024-08-28,3,9.27,27.81,UK
C1399,INV31263,2025-02-14,3,261.42,784.26,Germany
C1400,INV87315,2024-10-22,1,77.03,77.03,India
C1401,INV22127,2024-09-02,2,315.88,631.76,Germany
C1401,INV85171,2025-08-03,2,300.83,601.66,USA
C1401,INV57555,2025-05-31,4,336.29,1345.16,Germany
C1401,INV27040,2024-11-09,3,352.07,1056.21,UK
C1401,INV18597,2024-02-08,2,182.58,365.16,France
C1402,INV46076,2025-05-17,3,361.05,1083.15,France
C1402,INV93706,2025-03-08,1,234.65,234.65,USA
C1402,INV97975,2024-06-20,2,268.86,537.72,UK
C1402,INV16130,2025-03-17,3,69.04,207.12,France
C1402,INV53282,2024-09-19,2,465.32,930.64,UK
C1402,INV50146,2024-11-16,2,390.1,780.2,India
C1402,INV57645,2024-06-03,4,206.13,824.52,USA
C1403,INV78752,2025-11-19,1,358.87,358.87,India
C1403,INV22422,2024-10-27,1,91.52,91.52,France
C1403,INV73524,2025-03-28,3,148.27,444.81,USA
C1403,INV37400,2024-12-01,1,338.34,338.34,USA
C1403,INV82918,2025-03-05,2,54.73,109.46,USA
C1404,INV81782,2024-10-11,3,268.99,806.97,USA
C1404,INV45064,2025-11-27,2,109.98,219.96,USA
C1405,INV81724,2024-06-12,3,186.23,558.69,India
C1405,INV45673,2024-03-13,3,172.56,517.68,Germany
C1405,INV62507,2024-01-05,3,206.93,620.79,Germany
C1406,INV83596,2024-03-26,2,450.02,900.04,France
C1406,INV98276,2025-03-11,5,406.41,2032.05,UK
C1406,INV91554,2024-10-06,2,73.95,147.9,Germany
C1406,INV69759,2024-12-29,4,244.52,978.08,Germany
C1407,INV34282,2024-05-20,5,148.13,740.65,Germany
C1407,INV52002,2025-10-27,3,285.88,857.64,USA
C1407,INV80591,2024-09-20,1,140.4,140.4,UK
C1407,INV81216,2024-10-06,3,480.38,1441.14,France
C1407,INV96187,2024-02-01,1,11.94,11.94,India
C1407,INV25401,2025-01-31,3,29.51,88.53,UK
C1408,INV65045,2025-06-19,2,245.22,490.44,UK
C1408,INV37194,2024-04-14,1,270.58,270.58,UK
C1408,INV74815,2025-08-24,3,308.49,925.47,Germany
C1408,INV43603,2024-04-19,3,323.32,969.96,India
C1408,INV35239,2025-06-17,2,315.28,630.56,USA
C1408,INV71867,2024-06-25,3,313.04,939.12,France
C1408,INV94503,2025-10-15,5,230.2,1151.0,USA
C1408,INV12378,2025-06-10,2,336.29,672.58,USA
C1409,INV26968,2025-11-04,4,68.81,275.24,USA
C1409,INV33037,2025-05-18,2,313.45,626.9,USA
C1409,INV52418,2024-09-05,2,349.89,699.78,France
C1409,INV92825,2024-03-08,5,121.66,608.3,Germany
C1410,INV82279,2024-03-29,3,84.63,253.89,Germany
C1410,INV71403,2025-05-04,5,57.37,286.85,France
C1410,INV86731,2024-12-19,1,99.88,99.88,Germany
C1410,INV77666,2024-11-27,3,475.39,1426.17,India
C1410,INV50692,2025-01-09,4,294.28,1177.12,Germany
C1411,INV64309,2025-01-22,1,169.98,169.98,Germany
C1411,INV80230,2024-12-09,1,459.3,459.3,Germany
C1411,INV41742,2025-09-26,5,266.24,1331.2,UK
C1411,INV21077,2025-01-24,2,123.23,246.46,USA
C1411,INV17925,2025-10-25,3,390.32,1170.96,Germany
C1412,INV77459,2025-04-27,3,274.33,822.99,Germany
C1412,INV11237,2025-01-20,4,152.75,611.0,India
C1412,INV27376,2025-04-14,3,191.79,575.37,USA
C1413,INV40824,2025-06-14,2,42.93,85.86,France
C1413,INV89517,2025-04-09,3,247.19,741.57,France
C1413,INV59336,2024-07-18,1,472.93,472.93,France
C1414,INV94135,2025-07-27,3,453.43,1360.29,India
C1414,INV94323,2024-03-29,1,262.01,262.01,UK
C1414,INV84937,2024-06-12,2,102.01,204.02,India
C1414,INV64901,2025-10-21,3,191.25,573.75,USA
C1414,INV85886,2025-10-07,2,67.98,135.96,USA
C1414,INV74098,2025-10-01,1,331.16,331.16,UK
C1415,INV48215,2024-03-20,3,194.78,584.34,UK
C1415,INV72566,2025-08-08,1,394.43,394.43,UK
C1415,INV98268,2024-12-22,3,79.88,239.64,India
C1415,INV16065,2024-07-17,5,104.35,521.75,UK
C1416,INV65851,2025-03-22,2,60.45,120.9,India
C1416,INV33371,2025-08-16,3,235.86,707.58,India
C1416,INV69803,2024-09-09,3,371.49,1114.47,France
C1416,INV28961,2024-03-23,2,88.22,176.44,UK
C1417,INV96810,2024-02-05,4,341.59,1366.36,France
C1417,INV77702,2024-05-21,2,363.05,726.1,France
C1417,INV24483,2024-04-05,5,81.62,408.1,UK
C1417,INV20857,2024-07-29,2,366.31,732.62,UK
C1417,INV94496,2025-09-13,4,247.03,988.12,USA
C1417,INV64482,2024-10-11,3,285.43,856.29,France
C1418,INV28356,2024-09-15,2,443.35,886.7,Germany
C1418,INV88534,2024-01-07,4,89.55,358.2,UK
C1418,INV58074,2024-05-18,2,362.91,725.82,India
C1418,INV49266,2024-12-20,4,197.81,791.24,UK
C1419,INV83904,2024-09-08,3,77.09,231.27,USA
C1419,INV74619,2025-05-02,2,499.93,999.86,USA
C1420,INV94510,2025-03-22,1,460.71,460.71,France
C1421,INV23978,2025-09-16,3,326.88,980.64,India
C1421,INV65633,2024-03-04,5,463.7,2318.5,France
C1421,INV50341,2024-12-04,2,395.53,791.06,India
C1421,INV38543,2025-04-21,5,347.79,1738.95,UK
C1422,INV89972,2024-07-06,2,79.95,159.9,India
C1422,INV67928,2025-07-12,4,405.64,1622.56,France
C1422,INV12889,2024-09-22,5,65.08,325.4,France
C1423,INV93213,2024-09-21,4,83.78,335.12,Germany
C1423,INV82722,2024-09-04,3,198.39,595.17,India
C1423,INV70381,2025-04-10,2,274.34,548.68,India
C1423,INV26282,2025-06-01,3,305.32,915.96,UK
C1423,INV65987,2024-04-26,2,10.22,20.44,Germany
C1423,INV58705,2024-03-04,1,234.59,234.59,USA
C1423,INV48831,2024-05-01,3,13.95,41.85,UK
C1424,INV99186,2024-03-25,3,99.34,298.02,France
C1424,INV85039,2024-11-18,2,30.17,60.34,India
C1424,INV18550,2025-08-26,3,155.02,465.06,India
C1424,INV10549,2025-03-22,2,464.54,929.08,India
C1424,INV23085,2024-02-15,1,418.59,418.59,France
C1424,INV14126,2025-11-03,5,312.86,1564.3,India
C1425,INV78639,2024-09-25,5,55.74,278.7,France
C1425,INV84779,2025-01-09,2,228.85,457.7,Germany
C1425,INV77673,2024-04-09,3,482.39,1447.17,USA
C1425,INV99260,2025-05-16,4,350.68,1402.72,Germany
C1425,INV58501,2024-07-24,2,159.2,318.4,France
C1425,INV62312,2025-07-01,3,317.44,952.32,USA
C1426,INV88135,2024-01-10,2,265.34,530.68,UK
C1426,INV50674,2025-07-19,1,444.88,444.88,UK
C1426,INV86025,2024-12-04,5,142.37,711.85,UK
C1427,INV48549,2025-03-08,1,183.2,183.2,USA
C1427,INV46349,2024-02-23,2,335.99,671.98,Germany
C1427,INV54905,2024-08-08,3,236.01,708.03,France
C1427,INV43262,2024-02-06,1,489.57,489.57,USA
C1427,INV41153,2024-09-27,4,256.81,1027.24,USA
C1428,INV20368,2024-05-12,4,450.65,1802.6,Germany
C1428,INV91965,2025-04-09,3,324.39,973.17,UK
C1428,INV39184,2025-03-31,3,403.85,1211.55,USA
C1429,INV45066,2024-01-08,3,286.77,860.31,India
C1429,INV86310,2025-10-05,2,272.57,545.14,France
C1429,INV39263,2024-11-16,5,159.04,795.2,Germany
C1429,INV73312,2024-05-26,1,235.53,235.53,USA
C1429,INV91608,2024-06-16,5,316.56,1582.8,India
C1429,INV79579,2024-06-28,4,181.6,726.4,UK
C1429,INV48290,2024-04-24,1,415.95,415.95,Germany
C1430,INV56695,2024-01-28,5,292.82,1464.1,UK
C1430,INV40253,2025-10-24,2,445.47,890.94,France
C1430,INV30042,2025-02-23,4,346.63,1386.52,Germany
C1430,INV17034,2025-03-27,3,495.96,1487.88,Germany
C1430,INV35889,2024-07-05,2,216.26,432.52,USA
C1431,INV37818,2024-11-05,3,168.12,504.36,India
C1431,INV88732,2024-11-03,2,222.99,445.98,India
C1431,INV74175,2025-01-18,5,293.62,1468.1,India
C1431,INV78872,2025-11-02,3,263.74,791.22,Germany
C1432,INV78588,2024-10-16,5,470.64,2353.2,France
C1433,INV24059,2024-09-03,4,98.81,395.24,Germany
C1434,INV15271,2025-09-11,1,368.95,368.95,India
C1434,INV73068,2025-07-11,2,444.28,888.56,France
C1435,INV91405,2025-02-14,1,82.67,82.67,Germany
C1435,INV27658,2025-10-24,1,137.8,137.8,France
C1436,INV65953,2024-03-21,3,437.71,1313.13,USA
C1436,INV95118,2025-05-09,3,330.12,990.36,USA
C1436,INV20894,2024-05-18,5,271.9,1359.5,USA
C1436,INV52050,2025-11-08,1,36.48,36.48,UK
C1436,INV12205,2025-01-20,2,29.55,59.1,Germany
C1436,INV90655,2024-03-07,1,362.01,362.01,UK
C1436,INV88913,2024-06-10,4,176.91,707.64,Germany
C1436,INV16097,2024-07-04,4,442.18,1768.72,UK
C1437,INV40328,2025-10-23,2,227.3,454.6,USA
C1437,INV85568,2025-07-10,1,358.41,358.41,India
C1437,INV87846,2025-10-08,5,312.89,1564.45,USA
C1437,INV23387,2025-01-12,4,67.8,271.2,Germany
C1437,INV98926,2025-02-18,2,183.1,366.2,India
C1437,INV46696,2024-10-10,2,248.74,497.48,UK
C1438,INV23489,2024-02-15,1,197.39,197.39,India
C1438,INV32407,2024-11-06,4,189.06,756.24,France
C1438,INV39133,2024-01-19,2,391.33,782.66,UK
C1439,INV99167,2024-11-27,3,22.8,68.4,Germany
C1439,INV95477,2025-04-05,4,386.88,1547.52,USA
C1440,INV75607,2025-07-01,4,20.08,80.32,UK
C1440,INV24347,2024-03-04,5,120.29,601.45,UK
C1440,INV67420,2025-08-13,2,108.66,217.32,UK
C1440,INV85792,2025-01-10,2,116.7,233.4,Germany
C1441,INV23352,2024-02-16,1,366.24,366.24,USA
C1441,INV46605,2025-05-29,5,429.89,2149.45,India
C1441,INV31422,2024-06-11,3,463.47,1390.41,UK
C1442,INV37039,2024-02-22,3,336.31,1008.93,USA
C1443,INV63252,2025-07-16,5,171.51,857.55,USA
C1443,INV45988,2024-12-28,1,47.63,47.63,France
C1443,INV21346,2025-01-25,3,124.14,372.42,India
C1443,INV39416,2025-06-03,3,170.38,511.14,India
C1444,INV26206,2025-06-15,3,279.22,837.66,UK
C1444,INV87713,2024-01-02,4,477.81,1911.24,USA
C1444,INV18240,2024-06-16,5,95.99,479.95,France
C1445,INV24718,2025-05-02,5,329.72,1648.6,India
C1445,INV67342,2024-08-26,2,283.24,566.48,USA
C1445,INV85689,2024-01-05,4,320.23,1280.92,USA
C1446,INV92184,2024-09-19,3,441.45,1324.35,USA
C1446,INV69528,2025-10-20,4,253.4,1013.6,India
C1446,INV55812,2024-11-01,1,238.0,238.0,Germany
C1447,INV35936,2024-05-13,3,181.34,544.02,France
C1448,INV89861,2024-09-29,4,129.74,518.96,USA
C1448,INV76906,2025-10-05,1,225.95,225.95,France
C1448,INV86095,2025-01-19,4,110.08,440.32,France
C1448,INV30676,2024-12-29,2,62.79,125.58,Germany
C1449,INV12825,2025-08-30,2,304.7,609.4,Germany
C1449,INV91148,2024-02-09,1,55.41,55.41,USA
C1449,INV15292,2025-05-24,1,188.78,188.78,France
C1449,INV75662,2024-12-16,3,156.32,468.96,India
C1450,INV89716,2024-08-29,2,351.27,702.54,USA
C1450,INV78880,2024-10-15,4,276.92,1107.68,UK
C1450,INV58524,2025-10-11,1,321.49,321.49,UK
C1450,INV45332,2024-08-24,5,47.27,236.35,Germany
C1450,INV67923,2024-11-10,3,302.98,908.94,France
C1450,INV11607,2025-05-02,3,208.25,624.75,Germany
C1450,INV22286,2025-09-20,2,98.83,197.66,UK
C1451,INV58490,2024-10-12,2,123.49,246.98,UK
C1451,INV87651,2024-10-19,2,79.14,158.28,India
C1451,INV56486,2024-02-15,5,151.61,758.05,UK
C1451,INV63071,2025-02-04,1,405.14,405.14,France
C1452,INV21150,2025-10-13,4,80.23,320.92,India
C1452,INV16872,2024-04-01,1,324.95,324.95,India
C1452,INV13946,2025-09-02,3,36.31,108.93,Germany
C1452,INV44196,2024-04-02,5,305.7,1528.5,UK
C1453,INV47890,2024-07-01,1,120.43,120.43,UK
C1453,INV54999,2025-08-27,3,260.92,782.76,Germany
C1453,INV51811,2025-01-05,2,179.1,358.2,UK
C1454,INV57251,2025-07-06,4,340.13,1360.52,Germany
C1454,INV70088,2025-07-15,2,371.74,743.48,Germany
C1455,INV30162,2025-06-05,4,117.47,469.88,UK
C1455,INV11320,2024-10-11,1,400.25,400.25,USA
C1455,INV30398,2024-07-05,3,332.43,997.29,UK
C1455,INV95386,2025-09-23,4,251.61,1006.44,Germany
C1455,INV66305,2024-11-02,2,412.75,825.5,USA
C1456,INV45831,2024-11-02,5,297.69,1488.45,USA
C1456,INV12191,2025-09-11,3,374.14,1122.42,India
C1456,INV63694,2024-01-25,2,394.36,788.72,India
C1457,INV76459,2025-01-19,2,404.59,809.18,France
C1458,INV99440,2024-04-22,4,355.86,1423.44,India
C1458,INV23682,2024-05-04,5,122.87,614.35,UK
C1458,INV76053,2025-10-17,1,383.3,383.3,France
C1458,INV84978,2025-07-06,3,431.61,1294.83,Germany
C1459,INV42868,2025-11-24,1,363.84,363.84,India
C1459,INV70702,2024-03-20,1,295.74,295.74,France
C1459,INV41797,2024-05-01,4,227.54,910.16,France
C1459,INV82488,2025-08-07,2,499.61,999.22,Germany
C1460,INV55893,2024-04-24,2,397.46,794.92,France
C1460,INV42244,2025-09-25,4,119.98,479.92,Germany
C1460,INV66419,2025-09-08,2,147.18,294.36,Germany
C1461,INV55423,2025-02-25,3,147.19,441.57,Germany
C1461,INV37237,2025-05-30,5,159.79,798.95,France
C1461,INV91515,2025-02-15,2,215.93,431.86,UK
C1462,INV72800,2025-06-28,2,403.52,807.04,Germany
C1462,INV93658,2025-08-17,2,208.09,416.18,France
C1462,INV56026,2024-08-20,4,202.25,809.0,France
C1462,INV51487,2024-08-09,1,131.06,131.06,India
C1463,INV35037,2024-03-09,3,315.79,947.37,Germany
C1463,INV86045,2024-09-12,5,219.46,1097.3,UK
C1463,INV52546,2025-07-12,1,216.03,216.03,India
C1464,INV20639,2024-01-09,4,404.73,1618.92,UK
C1464,INV26275,2024-12-21,1,121.61,121.61,Germany
C1464,INV44048,2025-10-13,1,300.82,300.82,France
C1464,INV11194,2025-07-19,4,262.56,1050.24,Germany
C1465,INV54708,2024-05-29,4,481.29,1925.16,France
C1465,INV51263,2024-07-21,2,49.06,98.12,France
C1465,INV22699,2024-12-23,2,452.54,905.08,UK
C1465,INV51799,2024-04-19,3,336.87,1010.61,India
C1465,INV13927,2024-07-20,4,457.8,1831.2,USA
C1466,INV34321,2024-02-29,1,168.84,168.84,India
C1466,INV22336,2025-08-08,4,256.22,1024.88,India
C1467,INV81530,2025-02-25,5,315.84,1579.2,Germany
C1467,INV14729,2024-07-11,3,318.78,956.34,India
C1467,INV71493,2024-02-20,1,479.09,479.09,UK
C1467,INV42759,2024-02-24,1,104.31,104.31,France
C1467,INV82028,2025-05-14,1,93.93,93.93,France
C1468,INV81530,2025-03-09,2,428.68,857.36,India
C1468,INV79476,2024-10-30,2,94.42,188.84,UK
C1468,INV38088,2024-12-05,2,136.47,272.94,France
C1468,INV37406,2025-06-20,1,42.19,42.19,USA
C1469,INV17985,2025-10-16,4,182.32,729.28,France
C1469,INV27877,2024-04-14,2,331.38,662.76,USA
C1469,INV73109,2024-12-22,5,465.35,2326.75,USA
C1470,INV80888,2024-08-11,1,118.71,118.71,France
C1470,INV68890,2024-05-19,4,316.29,1265.16,India
C1470,INV17228,2025-06-17,4,30.91,123.64,USA
C1470,INV59196,2024-06-10,1,401.58,401.58,UK
C1470,INV88589,2024-09-20,5,39.5,197.5,France
C1471,INV82010,2024-09-22,4,192.79,771.16,Germany
C1471,INV15542,2025-09-28,4,433.68,1734.72,Germany
C1471,INV73656,2024-04-30,4,285.11,1140.44,France
C1472,INV92439,2024-10-08,4,144.49,577.96,Germany
C1472,INV96552,2025-05-19,2,163.68,327.36,India
C1473,INV93259,2024-03-30,3,225.62,676.86,France
C1473,INV48346,2024-02-04,4,384.32,1537.28,UK
C1474,INV29725,2025-01-30,1,441.71,441.71,UK
C1474,INV99832,2024-04-12,3,486.82,1460.46,UK
C1474,INV69261,2025-07-06,1,239.52,239.52,UK
C1474,INV45329,2024-11-08,3,236.73,710.19,France
C1474,INV83242,2025-09-12,3,340.26,1020.78,France
C1474,INV35633,2025-05-06,3,256.93,770.79,USA
C1475,INV34908,2024-03-19,2,302.83,605.66,India
C1475,INV31263,2024-02-12,1,275.57,275.57,India
C1475,INV27485,2024-10-31,1,180.02,180.02,USA
C1475,INV52700,2024-04-02,3,101.09,303.27,France
C1475,INV79730,2025-01-10,1,418.3,418.3,Germany
C1475,INV49634,2025-08-11,5,217.58,1087.9,Germany
C1475,INV74822,2024-11-25,5,473.72,2368.6,France
C1475,INV43863,2024-06-17,3,46.27,138.81,USA
C1475,INV92152,2025-10-11,2,205.22,410.44,USA
C1476,INV65389,2024-10-01,5,384.55,1922.75,USA
C1476,INV21987,2024-09-02,5,176.32,881.6,Germany
C1476,INV81527,2025-08-07,4,339.57,1358.28,UK
C1476,INV40676,2024-06-22,1,403.92,403.92,Germany
C1476,INV35088,2024-07-14,2,356.02,712.04,USA
C1477,INV68870,2024-01-26,5,43.88,219.4,India
C1478,INV42527,2024-01-29,4,194.82,779.28,USA
C1478,INV48289,2024-04-16,1,145.72,145.72,USA
C1478,INV26888,2025-02-13,1,229.84,229.84,India
C1478,INV20401,2025-08-26,2,498.42,996.84,USA
C1478,INV58954,2024-04-17,4,136.68,546.72,France
C1478,INV12594,2025-02-16,3,324.79,974.37,France
C1478,INV63589,2024-04-15,1,345.67,345.67,Germany
C1478,INV64850,2025-07-02,1,72.07,72.07,Germany
C1479,INV71284,2024-11-20,1,230.29,230.29,India
C1479,INV42165,2025-01-23,2,455.86,911.72,UK
C1479,INV15730,2025-10-21,2,145.45,290.9,India
C1479,INV65658,2024-11-01,5,69.85,349.25,India
C1479,INV48419,2025-02-24,3,197.11,591.33,Germany
C1480,INV74140,2024-01-14,5,254.33,1271.65,India
C1480,INV92496,2024-05-07,1,280.57,280.57,Germany
C1480,INV43133,2025-05-31,4,219.22,876.88,France
C1480,INV82886,2024-12-04,4,21.31,85.24,UK
C1481,INV61199,2025-11-26,1,462.0,462.0,Germany
C1481,INV65505,2025-04-26,1,26.37,26.37,France
C1481,INV82264,2024-08-04,5,418.61,2093.05,Germany
C1481,INV57546,2024-01-31,1,484.03,484.03,UK
C1482,INV90537,2024-12-05,1,126.15,126.15,France
C1482,INV57967,2025-09-08,4,361.57,1446.28,UK
C1482,INV38621,2025-10-03,2,345.76,691.52,France
C1482,INV71790,2024-04-20,5,454.5,2272.5,India
C1482,INV17190,2025-07-16,1,10.35,10.35,France
C1483,INV24158,2025-07-02,3,207.96,623.88,France
C1483,INV24868,2024-12-02,1,241.96,241.96,Germany
C1483,INV82936,2024-04-30,2,144.92,289.84,France
C1483,INV75442,2024-11-18,2,459.29,918.58,France
C1484,INV67475,2025-02-03,2,467.13,934.26,USA
C1484,INV57606,2025-05-18,5,43.19,215.95,USA
C1484,INV84673,2024-08-02,3,56.46,169.38,USA
C1484,INV52269,2025-11-03,2,138.82,277.64,USA
C1484,INV13135,2025-07-29,3,162.63,487.89,UK
C1484,INV75767,2025-05-25,1,292.58,292.58,France
C1485,INV58182,2025-08-23,4,141.58,566.32,Germany
C1485,INV46774,2025-09-24,3,443.98,1331.94,UK
C1485,INV87540,2024-09-21,3,181.41,544.23,France
C1485,INV56673,2024-03-11,5,495.88,2479.4,India
C1485,INV76612,2025-06-22,4,201.9,807.6,USA
C1485,INV88922,2024-08-14,4,207.73,830.92,UK
C1486,INV32434,2024-12-16,2,457.69,915.38,USA
C1486,INV39013,2024-03-20,2,254.94,509.88,France
C1486,INV45455,2024-05-03,3,273.17,819.51,USA
C1486,INV15845,2024-04-01,3,235.43,706.29,India
C1486,INV86927,2024-07-04,3,187.66,562.98,India
C1486,INV76956,2024-04-04,2,45.96,91.92,UK
C1487,INV24581,2024-10-20,2,89.53,179.06,India
C1487,INV16232,2024-07-05,1,307.77,307.77,France
C1487,INV20701,2025-01-30,1,55.08,55.08,Germany
C1487,INV15311,2024-01-08,1,486.83,486.83,Germany
C1487,INV91389,2024-11-02,4,154.63,618.52,USA
C1488,INV78039,2024-01-07,5,383.5,1917.5,USA
C1488,INV45866,2024-07-17,3,172.58,517.74,India
C1488,INV81673,2024-11-26,3,349.46,1048.38,France
C1488,INV22251,2024-04-25,1,219.85,219.85,France
C1488,INV38219,2025-07-26,4,268.31,1073.24,UK
C1488,INV78780,2024-07-17,3,242.65,727.95,Germany
C1489,INV50992,2024-11-03,3,136.32,408.96,UK
C1489,INV88748,2025-09-23,2,200.5,401.0,USA
C1489,INV13673,2024-06-26,2,361.58,723.16,UK
C1490,INV55113,2025-04-13,5,166.75,833.75,India
C1490,INV32649,2025-06-04,5,99.79,498.95,Germany
C1490,INV72004,2024-09-26,2,163.75,327.5,USA
C1491,INV15514,2024-10-27,2,331.64,663.28,France
C1491,INV13969,2024-10-28,5,380.4,1902.0,Germany
C1491,INV47958,2025-02-27,1,31.52,31.52,Germany
C1492,INV19381,2024-12-18,1,464.2,464.2,UK
C1492,INV28406,2025-10-25,1,173.8,173.8,USA
C1492,INV48494,2025-11-03,1,36.81,36.81,Germany
C1493,INV11837,2024-07-23,5,444.44,2222.2,France
C1493,INV31522,2024-01-29,4,132.06,528.24,Germany
C1493,INV15491,2025-05-14,2,395.7,791.4,India
C1493,INV35883,2024-01-22,2,265.66,531.32,Germany
C1493,INV58319,2024-07-30,4,37.87,151.48,UK
C1493,INV11090,2025-11-22,2,224.15,448.3,UK
C1493,INV91980,2025-10-25,4,268.38,1073.52,USA
C1493,INV50406,2024-12-03,5,107.88,539.4,USA
C1494,INV80802,2025-02-06,1,98.25,98.25,Germany
C1494,INV29031,2024-02-09,5,179.39,896.95,India
C1494,INV42563,2024-06-12,4,137.91,551.64,Germany
C1494,INV98714,2025-04-02,3,472.3,1416.9,UK
C1494,INV91758,2024-10-03,1,258.73,258.73,India
C1495,INV49212,2025-10-19,5,324.65,1623.25,USA
C1495,INV52879,2024-01-10,5,88.38,441.9,India
C1495,INV62618,2025-06-15,2,92.16,184.32,India
C1495,INV87320,2025-05-15,2,120.93,241.86,India
C1496,INV51371,2025-05-26,5,249.16,1245.8,UK
C1496,INV57860,2025-02-08,5,57.32,286.6,India
C1496,INV31017,2025-04-30,2,318.47,636.94,UK
C1496,INV48872,2024-03-10,2,152.68,305.36,India
C1497,INV49136,2024-09-10,5,296.46,1482.3,Germany
C1497,INV52298,2024-03-03,5,253.41,1267.05,USA
C1498,INV14082,2024-08-31,5,95.67,478.35,India
C1498,INV19703,2025-02-15,4,370.77,1483.08,India
C1498,INV12681,2025-07-22,1,448.04,448.04,India
C1498,INV46822,2025-04-24,1,154.19,154.19,France
C1498,INV47579,2025-03-13,4,288.34,1153.36,Germany
C1498,INV41308,2024-10-09,5,294.61,1473.05,Germany
C1498,INV25472,2024-12-24,3,485.48,1456.44,France
C1499,INV66803,2024-11-08,4,260.49,1041.96,USA
C1499,INV26055,2024-08-01,4,273.99,1095.96,India
C1499,INV94313,2024-08-01,5,100.53,502.65,India
